profilePictureUrl,username,profileUrl,comment,likeCount,replyCount,commentDate,commentId,ownerId,timestamp,query
https://scontent-ams2-1.cdninstagram.com/v/t51.82787-19/571067836_18491252101072925_1060578984931375366_n.jpg?stp=dst-jpg_s150x150_tt6&_nc_cat=107&ccb=7-5&_nc_sid=f7ccc5&efg=eyJ2ZW5jb2RlX3RhZyI6InByb2ZpbGVfcGljLnd3dy4xMDgwLkMzIn0%3D&_nc_ohc=OTOmIWYp7psQ7kNvwEOVWqs&_nc_oc=AdrJTVCN0Ow9M0jeWPqqcz9yYQARDSo5y0g-oAgr2caeqtuII_rRvEXgjt81AI4_gLo&_nc_zt=24&_nc_ht=scontent-ams2-1.cdninstagram.com&_nc_gid=0cF_NYcG14IAC-d3YUbiKg&_nc_ss=7a2a8&oh=00_Af3EUPjGlj3TzLbLLcY40abrbN0MUEOFE_B0bgQ1Q31Kng&oe=69E24BC3,martiinapescee,https://www.instagram.com/martiinapescee,Atalanta-Roma 1-4; Stagione 2021/2022 colpo di Mourinho a Bergamo!! @riccardo.pescee #accettoregolamento #accettoprivacypolicy #sentilapassionedalvivo,3,0,2026-04-11T23:07:00.000Z,18406254319197756,2205040924,2026-04-13T05:52:45.148Z,https://www.instagram.com/p/DW56HTSiEOB/
https://scontent-ams2-1.cdninstagram.com/v/t51.82787-19/584402863_17928516705157259_8109248652881516506_n.jpg?stp=dst-jpg_s150x150_tt6&_nc_cat=104&ccb=7-5&_nc_sid=f7ccc5&efg=eyJ2ZW5jb2RlX3RhZyI6InByb2ZpbGVfcGljLnd3dy4xMDgwLkMzIn0%3D&_nc_ohc=BWNa6ZxmZaoQ7kNvwER0X20&_nc_oc=AdozRuG1OZy620yV8xGU0BE4fXm2pkErHZaE0cizlb1ByRW6u2nVYF3yOgPhD8dchbE&_nc_zt=24&_nc_ht=scontent-ams2-1.cdninstagram.com&_nc_gid=0cF_NYcG14IAC-d3YUbiKg&_nc_ss=7a2a8&oh=00_Af1fMH2nJo_rJPsihwXs9w54NVw5qlfVcXyP8hnodY0eng&oe=69E257FE,aboout.flavia,https://www.instagram.com/aboout.flavia,"Atalanta-Roma 1-4; Stagione 2021/2022
@francescatarisciotti #accettoregolamento #accettoprivacypolicy #sentilapassionedalvivo",3,0,2026-04-10T19:22:16.000Z,18100378072950262,64734781258,2026-04-13T05:52:45.148Z,https://www.instagram.com/p/DW56HTSiEOB/
https://scontent-ams2-1.cdninstagram.com/v/t51.82787-19/552937535_18507685480067293_7299652848192400327_n.jpg?stp=dst-jpg_s150x150_tt6&_nc_cat=111&ccb=7-5&_nc_sid=f7ccc5&efg=eyJ2ZW5jb2RlX3RhZyI6InByb2ZpbGVfcGljLnd3dy43OTkuQzMifQ%3D%3D&_nc_ohc=neSsZcfyD70Q7kNvwGz74Ae&_nc_oc=Adof_PqbWxofkYwAuYurvOXrCPHtA99wwQeLLkH1J5CwgWADjqSlyNE7bJGgRKWzBG8&_nc_zt=24&_nc_ht=scontent-ams2-1.cdninstagram.com&_nc_gid=0cF_NYcG14IAC-d3YUbiKg&_nc_ss=7a2a8&oh=00_Af0Yanksnp89Hvh1T2G2Qj8AMmMYq0wVvSYP0a6OB3ibPg&oe=69E26C14,alessandro_olivieri76,https://www.instagram.com/alessandro_olivieri76,"Atalanta Roma 1-4 2021 
@mmartinaolivieri #accettoregolamento #accettoprivacypolicy 
#sentilapassionedalvivo",0,1,2026-04-11T10:48:16.000Z,17958828677937662,2072723292,2026-04-13T05:52:45.148Z,https://www.instagram.com/p/DW56HTSiEOB/
https://scontent-ams2-1.cdninstagram.com/v/t51.2885-19/463266582_1084726602498402_3544295540198783308_n.jpg?stp=dst-jpg_s150x150_tt6&_nc_cat=107&ccb=7-5&_nc_sid=f7ccc5&efg=eyJ2ZW5jb2RlX3RhZyI6InByb2ZpbGVfcGljLnd3dy4xMDgwLkMzIn0%3D&_nc_ohc=uU9aTk0b3TwQ7kNvwGMF-fn&_nc_oc=Adp1_KAWayTVgOGGJ39ZrOyGL_G-2h9vcUnqK_Y_M_fbtOVSoiHPCS7gdTqrYtWfyac&_nc_zt=24&_nc_ht=scontent-ams2-1.cdninstagram.com&_nc_ss=7a2a8&oh=00_Af0i64U1WKBmTMHTF-8ZBcOPbN5MlCWWh89D7yBwDCGfTQ&oe=69E262B7,alessio_truppa,https://www.instagram.com/alessio_truppa,Roma - Atalanta 2012/2013 Lamela e Bradley. Partita molto bella dei nostri! @sjmonescarparo #sentilapassionedalvivo #accettoprivacypolicy #accettoregolamento,1,1,2026-04-11T12:34:33.000Z,17974359072001065,226946836,2026-04-13T05:52:45.148Z,https://www.instagram.com/p/DW56HTSiEOB/
https://scontent-ams2-1.cdninstagram.com/v/t51.2885-19/433469234_3341779212784176_8101634457574952829_n.jpg?stp=dst-jpg_s150x150_tt6&_nc_cat=110&ccb=7-5&_nc_sid=f7ccc5&efg=eyJ2ZW5jb2RlX3RhZyI6InByb2ZpbGVfcGljLnd3dy4xMDU5LkMzIn0%3D&_nc_ohc=0y8L2sluaMUQ7kNvwGyE3fN&_nc_oc=AdoiYWCA1yiP_6E2-Y9MMidcBZLsJEtcsmCvr3z_6LxI6h1_9SLzm5stw1UE0oDBX8E&_nc_zt=24&_nc_ht=scontent-ams2-1.cdninstagram.com&_nc_ss=7a2a8&oh=00_Af3L1LB1C-qsS2lLgfi0uQy1vo00S4jaMZiz-zsTDe7lfQ&oe=69E24F91,kekkone26,https://www.instagram.com/kekkone26,"Roma-Atalanta 2 -1 Vucinic,Cassetti,Tiribocchi del 11/04/2010 quell'anno ci giocavamo lo scudetto con l'Inter",0,2,2026-04-09T12:04:35.000Z,17919662277315170,4641456827,2026-04-13T05:52:45.148Z,https://www.instagram.com/p/DW56HTSiEOB/
https://scontent-ams2-1.cdninstagram.com/v/t51.82787-19/606155671_18553928590028678_5339786622414638887_n.jpg?stp=dst-jpg_s150x150_tt6&_nc_cat=100&ccb=7-5&_nc_sid=f7ccc5&efg=eyJ2ZW5jb2RlX3RhZyI6InByb2ZpbGVfcGljLnd3dy45NTMuQzMifQ%3D%3D&_nc_ohc=0Mp3Rydlf6UQ7kNvwGkNGZI&_nc_oc=AdoUytkryorq3eeeLZl6PZ-mrqbpKtjG8SW8dhi0Nx0bSjquKA0b29F5nXoTLePwu-U&_nc_zt=24&_nc_ht=scontent-ams2-1.cdninstagram.com&_nc_gid=0cF_NYcG14IAC-d3YUbiKg&_nc_ss=7a2a8&oh=00_Af2rD-JIp-xNowilnsqrzgOPDjnznbO3Qvs_bWrXs3ajuw&oe=69E25B29,fabpolii,https://www.instagram.com/fabpolii,"stagione 21/22 atalanta-roma 1-4
@ilariapolii speriamo di replicare dal vivo ✨
#sentilapassionedalvivo
#accettoprivacypolicy
#accettoregolamento",1,0,2026-04-11T14:06:23.000Z,18081105653377721,850652677,2026-04-13T05:52:45.148Z,https://www.instagram.com/p/DW56HTSiEOB/
https://scontent-ams2-1.cdninstagram.com/v/t51.2885-19/485074952_1204717651199959_8508266431407587563_n.jpg?stp=dst-jpg_s150x150_tt6&_nc_cat=111&ccb=7-5&_nc_sid=f7ccc5&efg=eyJ2ZW5jb2RlX3RhZyI6InByb2ZpbGVfcGljLnd3dy4xMDgwLkMzIn0%3D&_nc_ohc=jD3NyM48pAMQ7kNvwFkVCUK&_nc_oc=Adqycboqizu9cNo5BavB3XmgM6lz6vxjMPFlOYJcl68DF0CPqYezIBpwTBZGAByh7kM&_nc_zt=24&_nc_ht=scontent-ams2-1.cdninstagram.com&_nc_ss=7a2a8&oh=00_Af0LxZpmSylqidHYndVUpC9CTNeL3Tr8W_Tom3n6b2Y_PA&oe=69E2513E,claudia.vtt,https://www.instagram.com/claudia.vtt,"Atalanta Roma 1-4, Stagione 2021/2022 @jessicaven2228 #accettoregolamento #accettoprivacypolicy #sentilapassionedalvivo",1,0,2026-04-09T08:59:50.000Z,18317697892284699,224706193,2026-04-13T05:52:45.148Z,https://www.instagram.com/p/DW56HTSiEOB/
https://scontent-ams2-1.cdninstagram.com/v/t51.82787-19/625558787_18562344664050208_3647496680284360638_n.jpg?stp=dst-jpg_s150x150_tt6&_nc_cat=101&ccb=7-5&_nc_sid=f7ccc5&efg=eyJ2ZW5jb2RlX3RhZyI6InByb2ZpbGVfcGljLnd3dy4xMDgwLkMzIn0%3D&_nc_ohc=qa8oIsWZ1jwQ7kNvwHn7Mmw&_nc_oc=AdoBX_Hrm7sOB6DyZxqp2uXQ4bh-yjbFBpNFSxClJV5KM70lWLJZpSKLjqDlX6M8mV8&_nc_zt=24&_nc_ht=scontent-ams2-1.cdninstagram.com&_nc_gid=0cF_NYcG14IAC-d3YUbiKg&_nc_ss=7a2a8&oh=00_Af2ONTAHTJkd2pWqstfe6a-7b_7vYVR10FYQGfuu-CWTrA&oe=69E24FEF,vincenzorizzelli,https://www.instagram.com/vincenzorizzelli,Stagione 2009-2010: Roma 2 Atalanta 1 @giorgia_sannella  #accettoregolamento #accettoprivacypolicy #sentilapassionedalvivo,1,0,2026-04-09T13:17:11.000Z,18128352784560133,1473586207,2026-04-13T05:52:45.148Z,https://www.instagram.com/p/DW56HTSiEOB/
https://scontent-ams2-1.cdninstagram.com/v/t51.2885-19/463197990_1101427374842270_1620298659998459749_n.jpg?stp=dst-jpg_s150x150_tt6&_nc_cat=107&ccb=7-5&_nc_sid=f7ccc5&efg=eyJ2ZW5jb2RlX3RhZyI6InByb2ZpbGVfcGljLnd3dy4xMDgwLkMzIn0%3D&_nc_ohc=lZrJycfpmxQQ7kNvwHSlyvj&_nc_oc=AdoLc4uH7KLQ7tBTfrKaJnRcAKOltBN79Ss0VaRbJx-5Y5eNNlRYMfAvkVdWLA6wz9o&_nc_zt=24&_nc_ht=scontent-ams2-1.cdninstagram.com&_nc_ss=7a2a8&oh=00_Af2APUEY07bx8hXmmkFDt4aVteN15x5XkTYFbPopRvKrTw&oe=69E258E2,marialuisa_10,https://www.instagram.com/marialuisa_10,"Stagione 2011/2012 la mia prima volta all’ Olimpico, Roma-Atalanta 3-1 @eng.esselle #sentilapassionedalvivo #accettoprivacypolicy #accettoregolamento",1,0,2026-04-09T10:14:30.000Z,18088494593266981,41650714,2026-04-13T05:52:45.148Z,https://www.instagram.com/p/DW56HTSiEOB/
https://scontent-ams2-1.cdninstagram.com/v/t51.82787-19/619086235_18036435182751921_2585089956169713742_n.jpg?stp=dst-jpg_s150x150_tt6&_nc_cat=101&ccb=7-5&_nc_sid=f7ccc5&efg=eyJ2ZW5jb2RlX3RhZyI6InByb2ZpbGVfcGljLnd3dy4xMDgwLkMzIn0%3D&_nc_ohc=FPHzFJ0gpm8Q7kNvwF50ngh&_nc_oc=Adrx9gvRyhN07Pg867ZqMNbCpxwymgAYK1c4XHbny779AuX_TsUGivt7WeBJceGULJE&_nc_zt=24&_nc_ht=scontent-ams2-1.cdninstagram.com&_nc_gid=0cF_NYcG14IAC-d3YUbiKg&_nc_ss=7a2a8&oh=00_Af24crXjRC9DVsCDc-f-I5B91-R2TvN3c3LxCetJ3dFclw&oe=69E251EA,flavia.asr25,https://www.instagram.com/flavia.asr25,"Atalanta-Roma 1-4; Stagione 2021/2022 @valerioaudino #accettoregolamento
#accettoprivacypolicy #sentilapassionedalvivo",1,0,2026-04-12T11:14:26.000Z,17921920686307587,52444127920,2026-04-13T05:52:45.148Z,https://www.instagram.com/p/DW56HTSiEOB/
https://scontent-ams2-1.cdninstagram.com/v/t51.2885-19/442451867_1624353991632718_667383256588984233_n.jpg?stp=dst-jpg_s150x150_tt6&_nc_cat=110&ccb=7-5&_nc_sid=f7ccc5&efg=eyJ2ZW5jb2RlX3RhZyI6InByb2ZpbGVfcGljLnd3dy40ODYuQzMifQ%3D%3D&_nc_ohc=zPAJegmUCBgQ7kNvwFczWh9&_nc_oc=AdoCXA7wgFH5AeciYL7DjnZwKxxoAU3iI05XG_taK3To-4EnJeie99wcy98ohuHYwRE&_nc_zt=24&_nc_ht=scontent-ams2-1.cdninstagram.com&_nc_ss=7a2a8&oh=00_Af00-r8uA9pize3DJiwT8hlsrzQ-l8I2A545bjmU4lSisw&oe=69E27012,raffaellaacristofaro,https://www.instagram.com/raffaellaacristofaro,Atalanta-Roma 1-4 stagione 2021/2022 @naomicaporuscio #accettoregolamento #accettoprivacypolicy #sentilapassionedalvivo,1,0,2026-04-11T17:04:56.000Z,17902968984244953,1831221070,2026-04-13T05:52:45.148Z,https://www.instagram.com/p/DW56HTSiEOB/
https://scontent-ams2-1.cdninstagram.com/v/t51.2885-19/361785293_307282991748143_8086230422299808349_n.jpg?stp=dst-jpg_s150x150_tt6&_nc_cat=100&ccb=7-5&_nc_sid=f7ccc5&efg=eyJ2ZW5jb2RlX3RhZyI6InByb2ZpbGVfcGljLnd3dy42MTIuQzMifQ%3D%3D&_nc_ohc=alhxhKXVNH8Q7kNvwHwHPTy&_nc_oc=AdrS7k643kC7wyeU_HVLWZoNPZVPK4SZTiXtEQ0z711zz-YzbMLvYW58ZCDuEikkXUM&_nc_zt=24&_nc_ht=scontent-ams2-1.cdninstagram.com&_nc_ss=7a2a8&oh=00_Af1ofOEaBo8jf36mNPX8g7ZoVZ8P_833no4QBSrzdN-Nyg&oe=69E243F0,vivo.giallorosso,https://www.instagram.com/vivo.giallorosso,Atalanta-Roma 1-4 Stagione 2021/2022 @chrsav_07 #accettoregolamento #accettoprivacypolicy #sentilapassionedalvivo,1,0,2026-04-12T20:52:30.000Z,18099921623061648,57823461878,2026-04-13T05:52:45.148Z,https://www.instagram.com/p/DW56HTSiEOB/
https://scontent-ams2-1.cdninstagram.com/v/t51.2885-19/123048829_367863054458073_8678627908388867852_n.jpg?stp=dst-jpg_s150x150_tt6&_nc_cat=110&ccb=7-5&_nc_sid=f7ccc5&efg=eyJ2ZW5jb2RlX3RhZyI6InByb2ZpbGVfcGljLnd3dy4xMDAxLkMzIn0%3D&_nc_ohc=-INBRoBe5toQ7kNvwHSs9No&_nc_oc=Adq7d_-XyEc389yGn6alf825gkmoYzBuDmr7-yPYOOUc0AFq8Z-GtQETEdGSoULU6jI&_nc_zt=24&_nc_ht=scontent-ams2-1.cdninstagram.com&_nc_ss=7a2a8&oh=00_Af0zEii8ztFYrwfludqgjUrO56F_S2YpPa_BaMN5iOYVnw&oe=69E24980,alessandrodb3,https://www.instagram.com/alessandrodb3,"Per me  18 dicembre 2021 mourinho in panchina Atalanta-Roma 1-4
È stata una bella Roma!!! @ilbrucaliffffo #accettoregolamento #accettoprivacypolicy 
#sentilapassionedalvivo",1,0,2026-04-09T09:55:03.000Z,17888102502353824,374014332,2026-04-13T05:52:45.148Z,https://www.instagram.com/p/DW56HTSiEOB/
https://scontent-ams2-1.cdninstagram.com/v/t51.82787-19/657324252_18575729104053733_7196788086385384956_n.jpg?stp=dst-jpg_s150x150_tt6&_nc_cat=105&ccb=7-5&_nc_sid=f7ccc5&efg=eyJ2ZW5jb2RlX3RhZyI6InByb2ZpbGVfcGljLnd3dy45NTguQzMifQ%3D%3D&_nc_ohc=tZzryY8Fex0Q7kNvwEeXTX3&_nc_oc=AdoT2-sKrhG0Qxhy-Q12inrW9UOVpXrs7XZRLfyNWbNo_RsZEV_wxHQOWXln-ClwhWE&_nc_zt=24&_nc_ht=scontent-ams2-1.cdninstagram.com&_nc_gid=0cF_NYcG14IAC-d3YUbiKg&_nc_ss=7a2a8&oh=00_Af3gGRDxhtfDDre_9m8tdEHeBVUrPpme2lmiQIWVOzw8yA&oe=69E25FFA,fabypezz,https://www.instagram.com/fabypezz,"Roma-Atalanta 4-2 stagione 86/87 ho ancora il biglietto strappato!! @gloria_fal97 
#accettoilregolamento
#accettoprivacypolicy 
#sentilapassionedalvivo",0,1,2026-04-11T12:00:38.000Z,18084993404049362,440757732,2026-04-13T05:52:45.148Z,https://www.instagram.com/p/DW56HTSiEOB/
https://scontent-ams2-1.cdninstagram.com/v/t51.2885-19/330617612_483000323858078_3871523208014854209_n.jpg?stp=dst-jpg_s150x150_tt6&_nc_cat=102&ccb=7-5&_nc_sid=f7ccc5&efg=eyJ2ZW5jb2RlX3RhZyI6InByb2ZpbGVfcGljLnd3dy4xMDgwLkMzIn0%3D&_nc_ohc=VpOuuGvJk-UQ7kNvwEQqx3p&_nc_oc=AdpPQJU65tqxCFm6PcLJBZh3qHkCUc1vEG8cUrxfWTaAEt4ohwAtBnACOUNwJUNvqFU&_nc_zt=24&_nc_ht=scontent-ams2-1.cdninstagram.com&_nc_ss=7a2a8&oh=00_Af0yistahrzkqWFm2Q5F9Gfgf9kwUiKudVThzgaIBBTmaQ&oe=69E2456D,danny.v10,https://www.instagram.com/danny.v10,Stagione 2009-2010: Roma - Atalanta 2 a 1 @aboutlanda #accettoregolamento #accettoprivacypolicy #sentilapassionedalvivo,1,0,2026-04-11T15:10:34.000Z,18190439392365781,46536794,2026-04-13T05:52:45.148Z,https://www.instagram.com/p/DW56HTSiEOB/
https://scontent-ams2-1.cdninstagram.com/v/t51.2885-19/458178088_1029622945322809_4973952851580462261_n.jpg?stp=dst-jpg_s150x150_tt6&_nc_cat=106&ccb=7-5&_nc_sid=f7ccc5&efg=eyJ2ZW5jb2RlX3RhZyI6InByb2ZpbGVfcGljLnd3dy4xMDgwLkMzIn0%3D&_nc_ohc=NEXyaZ4r8jMQ7kNvwE-AXq7&_nc_oc=Adqkdy0bNd6386jf-gRepYCAE9t-GI1S4bq47v-LOJsj6xSXUdqYZ1-la-rYJJ_MurU&_nc_zt=24&_nc_ht=scontent-ams2-1.cdninstagram.com&_nc_ss=7a2a8&oh=00_Af2OISW4fCicKDO9Wfc70eIeTmwASTdd7NrkSAUkSVOX2Q&oe=69E24AB0,ale.h501,https://www.instagram.com/ale.h501,"Roma-Atalanta 3-0 (07/12/1997), uno dei primi gol di Totti allo stadio @g_nabs #accettoregolamento #accettoprivacypolicy #sentilapassionedalvivo",1,0,2026-04-09T11:23:08.000Z,18025417145810899,547426677,2026-04-13T05:52:48.490Z,https://www.instagram.com/p/DW56HTSiEOB/
https://scontent-ams2-1.cdninstagram.com/v/t51.2885-19/122457137_2047849658846856_5587734841717499263_n.jpg?stp=dst-jpg_s150x150_tt6&_nc_cat=101&ccb=7-5&_nc_sid=f7ccc5&efg=eyJ2ZW5jb2RlX3RhZyI6InByb2ZpbGVfcGljLnd3dy4xMDgwLkMzIn0%3D&_nc_ohc=3454f6ifvTMQ7kNvwFIrVfK&_nc_oc=AdoyBAxLK5h13AchOURGzU0HPn29msRE65uutWkteJ4j3ZwaFnqYGNLA6m47sOL78_E&_nc_zt=24&_nc_ht=scontent-ams2-1.cdninstagram.com&_nc_ss=7a2a8&oh=00_Af1VGexdQUE4hwzcJqWt4khGAUcBbV5dCZSulj_5f2X3Tw&oe=69E23B59,asrsaretta,https://www.instagram.com/asrsaretta,Atalanta - Roma 1 a 4 stagione 21/22 4 fischioni e tutti a casa ! ♥️💛 @matteomontieri #sentilapassionedalvivo #accettoprivacypolicy #accettoregolamento,0,0,2026-04-11T12:06:52.000Z,18132206548554737,358206549,2026-04-13T05:52:48.490Z,https://www.instagram.com/p/DW56HTSiEOB/
https://scontent-ams2-1.cdninstagram.com/v/t51.82787-19/649078104_18571851082058197_7016662340373752444_n.jpg?stp=dst-jpg_s150x150_tt6&_nc_cat=101&ccb=7-5&_nc_sid=f7ccc5&efg=eyJ2ZW5jb2RlX3RhZyI6InByb2ZpbGVfcGljLnd3dy42NjguQzMifQ%3D%3D&_nc_ohc=w7p8DnF1sK0Q7kNvwEyFXuG&_nc_oc=AdpR40p9mEQ4SCCdUmPUZyFR4a_f9lBANm_4g-w2RjaE0HoXLqiY3Z2liC3v4l11YXU&_nc_zt=24&_nc_ht=scontent-ams2-1.cdninstagram.com&_nc_gid=XVDZztzTlVfrGRJxsJF80Q&_nc_ss=7a2a8&oh=00_Af2tfZepgYQ0WbQiEGkfRNiV8lQI38GLhJAeQrmRbZuGOw&oe=69E23C82,ilariapolii,https://www.instagram.com/ilariapolii,atalanta-roma 1-4 21/22 🍐🍐🍐🍐 @fabpolii !! #sentilapassionedalvivo #accettoprivacypolicy #accettoregolamento,1,0,2026-04-10T19:49:40.000Z,18574926244016501,1435770196,2026-04-13T05:52:48.490Z,https://www.instagram.com/p/DW56HTSiEOB/
https://scontent-ams2-1.cdninstagram.com/v/t51.89012-19/573323465_1219825463302212_7278921664109726296_n.jpg?stp=dst-jpg_s150x150_tt6&_nc_cat=1&ccb=7-5&_nc_sid=f7ccc5&efg=eyJ2ZW5jb2RlX3RhZyI6InByb2ZpbGVfcGljLnd3dy5DMyJ9&_nc_ohc=OfliZlBDs8kQ7kNvwFFFWpD&_nc_oc=AdoBAaCRBK3367HnHsWQ_eQzeI7kVBxpg6rAy_PrRwrbjgVb6NliHKjPOZektA8WrNc&_nc_zt=24&_nc_ht=scontent-ams2-1.cdninstagram.com&_nc_gid=XVDZztzTlVfrGRJxsJF80Q&_nc_ss=7a2a8&oh=00_Af34o6dU1J8k1-MGG27d20u_zJet8Dmn6pPyONkk8cuz-g&oe=69E267E2,caporusm_,https://www.instagram.com/caporusm_,Atalanta-Roma 1-4 stagione 2021/22 @naomicaporuscio #accettoregolamento #accettoprivacypolicy #sentilapassionedalvivo,2,0,2026-04-11T16:56:23.000Z,18074063183320569,71492084208,2026-04-13T05:52:48.491Z,https://www.instagram.com/p/DW56HTSiEOB/
https://scontent-ams2-1.cdninstagram.com/v/t51.2885-19/67604745_382230956041453_8857152953052561408_n.jpg?stp=dst-jpg_s150x150_tt6&_nc_cat=107&ccb=7-5&_nc_sid=f7ccc5&efg=eyJ2ZW5jb2RlX3RhZyI6InByb2ZpbGVfcGljLnd3dy43NjguQzMifQ%3D%3D&_nc_ohc=JtjH3aIoE-8Q7kNvwFiQaKg&_nc_oc=Ado0XMnZIj40jNQN4NgWC6JhGrO6ByiGpnR60sg-R1-xxpSOkpUOr_b4Bz9Lcq8_nNQ&_nc_zt=24&_nc_ht=scontent-ams2-1.cdninstagram.com&_nc_ss=7a2a8&oh=00_Af3LMa5iVg-YZ9vAkVpxSkbiFHzCtptfrRIIqCmdJJYDvA&oe=69E25E88,simoninha80,https://www.instagram.com/simoninha80,@stemosca11 Atalanta 1 - Roma 4 Stagione 21/22 #accettoregolamento #accettoprivacypolicy #sentilapassionedalvivo,1,0,2026-04-12T08:17:12.000Z,17847059175692548,4657743838,2026-04-13T05:52:48.491Z,https://www.instagram.com/p/DW56HTSiEOB/
https://scontent-ams2-1.cdninstagram.com/v/t51.2885-19/13329177_139643459777275_1711280417_a.jpg?stp=dst-jpg_s150x150_tt6&_nc_cat=100&ccb=7-5&_nc_sid=f7ccc5&efg=eyJ2ZW5jb2RlX3RhZyI6InByb2ZpbGVfcGljLnd3dy44MTAuQzMifQ%3D%3D&_nc_ohc=8ZNwH44YCZgQ7kNvwHbiFVQ&_nc_oc=AdplRE9RTRM-yKywCpCGuHEsrcEcSmkEULQVYmsk4XGxRoUwbd3_R9L_0uCNdz1N6sk&_nc_zt=24&_nc_ht=scontent-ams2-1.cdninstagram.com&_nc_ss=7a2a8&oh=00_Af1dJVx9Q3uhuSl_k7okg_RlHzBFUYqs6TyObN6nIbGQfA&oe=69E2556A,movimenti,https://www.instagram.com/movimenti,12 maggio 2001 Roma Atalanta 1-0 Montella @abbigliamentosicignano  #sentilapassionedalvivo #accettoprivacypolicy #accettoregolamento,1,0,2026-04-09T11:27:54.000Z,18053115185711402,212638073,2026-04-13T05:52:48.491Z,https://www.instagram.com/p/DW56HTSiEOB/
https://scontent-ams2-1.cdninstagram.com/v/t51.2885-19/351781678_220908024068034_6234968143693178352_n.jpg?stp=dst-jpg_s150x150_tt6&_nc_cat=103&ccb=7-5&_nc_sid=f7ccc5&efg=eyJ2ZW5jb2RlX3RhZyI6InByb2ZpbGVfcGljLnd3dy43NjYuQzMifQ%3D%3D&_nc_ohc=QtYdpVEXAJMQ7kNvwHuV8Nw&_nc_oc=AdpIfq2sSXk985SAZey-Eq-6PGWsa8ucqy5nP0swtQUeFbqIC3lOJN4SZ29BggN-lCc&_nc_zt=24&_nc_ht=scontent-ams2-1.cdninstagram.com&_nc_ss=7a2a8&oh=00_Af125k_WTaDC1S1TKi4nBjkrNvNmgZcC_F5tU2D6ueWGBg&oe=69E23C6B,playgatto_yt,https://www.instagram.com/playgatto_yt,Atalanta Roma 1-4 stagione 2021/22 @simo_asr02 #accettoprivacypolicy #accettoregolamento #sentilapassionedalvivo,1,0,2026-04-11T10:53:49.000Z,18092629133168372,7074481867,2026-04-13T05:52:48.491Z,https://www.instagram.com/p/DW56HTSiEOB/
https://scontent-ams2-1.cdninstagram.com/v/t51.75761-19/495997445_18067131806506523_4924188189114862324_n.jpg?stp=dst-jpg_s150x150_tt6&_nc_cat=108&ccb=7-5&_nc_sid=f7ccc5&efg=eyJ2ZW5jb2RlX3RhZyI6InByb2ZpbGVfcGljLnd3dy41ODAuQzMifQ%3D%3D&_nc_ohc=0toR1K2hVlMQ7kNvwFd0n8R&_nc_oc=AdoaF8MEU3a0Ehs7P4izpL9QOV0asd_-baB9_zlDGSUvPdbe-2yVm6mc1nZEHGdZoe8&_nc_zt=24&_nc_ht=scontent-ams2-1.cdninstagram.com&_nc_gid=XVDZztzTlVfrGRJxsJF80Q&_nc_ss=7a2a8&oh=00_Af0WxBWDLMG_-kqLtT4alxS_9LgbZaNJ1dmrYjPTvYgLZw&oe=69E272F6,chrsav_07,https://www.instagram.com/chrsav_07,Atalanta-Roma 1-4 Stagione 2021/2022 @vivo.giallorosso #accettoregolamento #accettoprivacypolicy #sentilapassionedalvivo,2,0,2026-04-12T20:50:32.000Z,17935695612199845,45200866522,2026-04-13T05:52:48.491Z,https://www.instagram.com/p/DW56HTSiEOB/
https://scontent-ams2-1.cdninstagram.com/v/t51.82787-19/655635806_18456809638096535_6241300296393357351_n.jpg?stp=dst-jpg_s150x150_tt6&_nc_cat=107&ccb=7-5&_nc_sid=f7ccc5&efg=eyJ2ZW5jb2RlX3RhZyI6InByb2ZpbGVfcGljLnd3dy4xMDgwLkMzIn0%3D&_nc_ohc=GGrL_VBy1N4Q7kNvwEKanwb&_nc_oc=AdqnW-PZM6rRmNtEv-tz71MJTGtBtgD2CvhwRVmTADosn7Vf_1e0gkm6aSUhwUaggNY&_nc_zt=24&_nc_ht=scontent-ams2-1.cdninstagram.com&_nc_gid=XVDZztzTlVfrGRJxsJF80Q&_nc_ss=7a2a8&oh=00_Af3aRqa2Ex3iw5C3IDcucrzmLunYRV_HbGkbyMPXDR1jUA&oe=69E26392,matteomontieri,https://www.instagram.com/matteomontieri,Roma atalanta 3 3 2018 con gol di tacco di Pastore @asrsaretta  #sentilapassionedalvivo  #accettoprivacypolicy #accettoregolamento,1,0,2026-04-11T13:49:41.000Z,17945941698140865,2994664534,2026-04-13T05:52:48.491Z,https://www.instagram.com/p/DW56HTSiEOB/
https://scontent-ams2-1.cdninstagram.com/v/t51.2885-19/237727381_354442422828696_6613140854845289840_n.jpg?stp=dst-jpg_s150x150_tt6&_nc_cat=104&ccb=7-5&_nc_sid=f7ccc5&efg=eyJ2ZW5jb2RlX3RhZyI6InByb2ZpbGVfcGljLnd3dy4xMDgwLkMzIn0%3D&_nc_ohc=-gZ0lkQPOzEQ7kNvwHkjZS9&_nc_oc=Adqfstx1KriKVxD5AVW4_Tx-LvCyqaqKmAPg81k6wayvDX64en2xdC0FLkvGEdbtguY&_nc_zt=24&_nc_ht=scontent-ams2-1.cdninstagram.com&_nc_ss=7a2a8&oh=00_Af1925M8T3EyAjRCy9necNseChhAuqKH0mbbV2x9jJ9geQ&oe=69E2611B,gianfrancoscozzafava,https://www.instagram.com/gianfrancoscozzafava,Roma atalanta 3 0 1997 @gennaro_as_roma  #sentipassionedalvivo #accettoprivacypolicy  #accettoprivacypolicy,1,0,2026-04-09T16:50:25.000Z,18077822684412448,7863023288,2026-04-13T05:52:48.491Z,https://www.instagram.com/p/DW56HTSiEOB/
https://scontent-ams2-1.cdninstagram.com/v/t51.2885-19/30086121_1300180333416313_1883577638740557824_n.jpg?stp=dst-jpg_s150x150_tt6&_nc_cat=109&ccb=7-5&_nc_sid=f7ccc5&efg=eyJ2ZW5jb2RlX3RhZyI6InByb2ZpbGVfcGljLnd3dy40MDMuQzMifQ%3D%3D&_nc_ohc=JXz0gDIyPdgQ7kNvwGzx3Fq&_nc_oc=AdrGooktrCMCxFuJu_mBFszG-9boYUTod-I2uayuQfhQAp6vaHWymXeJ1-GD9urLE3U&_nc_zt=24&_nc_ht=scontent-ams2-1.cdninstagram.com&_nc_ss=7a2a8&oh=00_Af3edJDIcY5w7gD9TKxhfy0l6ZiuuGJFqgUT9vCnaS3low&oe=69E24D95,valerioaudino,https://www.instagram.com/valerioaudino,"Atalanta-Roma 0-2; Stagione 2000/2001 
@aboout.flavia #accettoregolamento #accettoprivacypolicy #sentilapassionedalvivo",2,0,2026-04-10T19:23:43.000Z,18097189448086634,7539725530,2026-04-13T05:52:48.491Z,https://www.instagram.com/p/DW56HTSiEOB/
https://scontent-ams2-1.cdninstagram.com/v/t51.2885-19/72453350_469052097035048_4035013193523789824_n.jpg?stp=dst-jpg_s150x150_tt6&_nc_cat=109&ccb=7-5&_nc_sid=f7ccc5&efg=eyJ2ZW5jb2RlX3RhZyI6InByb2ZpbGVfcGljLnd3dy4xMDgwLkMzIn0%3D&_nc_ohc=S0rfZ-VU1LwQ7kNvwFntItP&_nc_oc=AdqO2OWCe5Y9cTYJ6aSNrniktf_9oQwG3s-EdmD9X20MUbGKYxKxhqsqXiVJ_04ySAY&_nc_zt=24&_nc_ht=scontent-ams2-1.cdninstagram.com&_nc_ss=7a2a8&oh=00_Af0YiJusBMz4QnMtI8JLw0JEFTIDQ0zy8XntZAaAQEskiQ&oe=69E265BA,espositovale_03,https://www.instagram.com/espositovale_03,"Atalanta-Roma 1-4, stagione 2021/2022 @federiica_es #accettoregolamento #accettoprivacypolicy #sentilapassionedalvivo",1,0,2026-04-11T16:11:18.000Z,18098874134067644,4307032271,2026-04-13T05:52:48.491Z,https://www.instagram.com/p/DW56HTSiEOB/
https://scontent-ams2-1.cdninstagram.com/v/t51.2885-19/117399423_148080266943392_9172579392108351159_n.jpg?stp=dst-jpg_s150x150_tt6&_nc_cat=105&ccb=7-5&_nc_sid=f7ccc5&efg=eyJ2ZW5jb2RlX3RhZyI6InByb2ZpbGVfcGljLnd3dy4xMDgwLkMzIn0%3D&_nc_ohc=g7IED_7WGJkQ7kNvwEi749c&_nc_oc=Adot80IVu5YD1R-1I41VSuf3PudwSQmBjjglJGx7ZN3m5wVzyhGUrfg7uttdhV-eNG8&_nc_zt=24&_nc_ht=scontent-ams2-1.cdninstagram.com&_nc_ss=7a2a8&oh=00_Af14dxphKGrRmwmbKeoGC7kc5Hiob4Vh9JGR9ibUIIULaQ&oe=69E252E1,framarinotti,https://www.instagram.com/framarinotti,"Roma-Atalanta 4-1, stagione 2016/17: dominio totale giallorosso, una serata magica all’Olimpico! @susannaallegrini #accettoregolamento #accettoprivacypolicy #sentilapassionedalvivo",1,0,2026-04-09T18:41:20.000Z,18086740445191991,682821635,2026-04-13T05:52:48.491Z,https://www.instagram.com/p/DW56HTSiEOB/
https://scontent-ams2-1.cdninstagram.com/v/t51.2885-19/67808249_1386299138213872_9185165476668375040_n.jpg?stp=dst-jpg_s150x150_tt6&_nc_cat=106&ccb=7-5&_nc_sid=f7ccc5&efg=eyJ2ZW5jb2RlX3RhZyI6InByb2ZpbGVfcGljLnd3dy4xMDgwLkMzIn0%3D&_nc_ohc=YVt40H3oK3cQ7kNvwEKzTQE&_nc_oc=AdpZiEXooDAq00MRFggqDo82m7kdycmA8yaC7Hi7uQKodXDES-d49vNhF0bq6ndgFPM&_nc_zt=24&_nc_ht=scontent-ams2-1.cdninstagram.com&_nc_ss=7a2a8&oh=00_Af2ErGDE4bJABTdko3_wffVl9_IW6d3z308McH7CMCfxgA&oe=69E240E6,stemosca11,https://www.instagram.com/stemosca11,"Atalanta-Roma 1-4, stagione 2021/22 @simoninha80 #sentilapassionedalvivo
#accettoprivacypolicy
#accettoregolamento",1,0,2026-04-12T08:02:05.000Z,18054937964707759,522283755,2026-04-13T05:52:48.491Z,https://www.instagram.com/p/DW56HTSiEOB/
https://scontent-ams2-1.cdninstagram.com/v/t51.82787-19/568494900_18535175698010855_6294470345191549236_n.jpg?stp=dst-jpg_s150x150_tt6&_nc_cat=109&ccb=7-5&_nc_sid=f7ccc5&efg=eyJ2ZW5jb2RlX3RhZyI6InByb2ZpbGVfcGljLnd3dy4xMDgwLkMzIn0%3D&_nc_ohc=ihtCM4uCuuAQ7kNvwHQIgtI&_nc_oc=AdpAN79gsSoeOJDbXSJampLMTaiW_z2lI0e2dsavnCwhtY2yV-XLOOltcDLxClgarVc&_nc_zt=24&_nc_ht=scontent-ams2-1.cdninstagram.com&_nc_gid=XVDZztzTlVfrGRJxsJF80Q&_nc_ss=7a2a8&oh=00_Af0f11g5RLSQA6rZBtNPpaRkqB7RqmTyThalI17J_9vpXQ&oe=69E25EC1,wondermichela___23,https://www.instagram.com/wondermichela___23,Stagione 2000/2001 Roma Atalanta 1-0 @francesco10____  #accettoilregolamento  #accettoprivacypolicy  #sentilapassionedalvivo,1,0,2026-04-11T12:07:13.000Z,18097906832471369,393226854,2026-04-13T05:52:48.491Z,https://www.instagram.com/p/DW56HTSiEOB/
https://scontent-ams2-1.cdninstagram.com/v/t51.2885-19/316055247_429728956033526_2847923847685136179_n.jpg?stp=dst-jpg_s150x150_tt6&_nc_cat=101&ccb=7-5&_nc_sid=f7ccc5&efg=eyJ2ZW5jb2RlX3RhZyI6InByb2ZpbGVfcGljLnd3dy43NDguQzMifQ%3D%3D&_nc_ohc=hAvfqUNMRK0Q7kNvwG5qeUL&_nc_oc=Adrt6A673c8IKw60vz8chVQ4jEvWNQq_bVsgS_9VNX1NklnLVv6lYwgh1LLAk8vErJg&_nc_zt=24&_nc_ht=scontent-ams2-1.cdninstagram.com&_nc_ss=7a2a8&oh=00_Af0_MEorhXfrPMm67s-0jKVx-r7YEBS1Qex30P5mqIT-KA&oe=69E25BD5,marco_giovannetti,https://www.instagram.com/marco_giovannetti,"Atalanta-Roma 2-3 giocata il 24/02/2013, bellissima vittoria in rimonta fuori casa sotto la neve fitta @gabriele_santevecchi #sentilapassionedalvivo #accettoprivacypolicy #accettoregolamento",1,0,2026-04-09T16:44:14.000Z,18584975818020166,1271941632,2026-04-13T05:52:52.219Z,https://www.instagram.com/p/DW56HTSiEOB/
https://scontent-ams2-1.cdninstagram.com/v/t51.82787-19/649494159_18208648903322312_3506772249833269218_n.jpg?stp=dst-jpg_s150x150_tt6&_nc_cat=100&ccb=7-5&_nc_sid=f7ccc5&efg=eyJ2ZW5jb2RlX3RhZyI6InByb2ZpbGVfcGljLnd3dy4xMDgwLkMzIn0%3D&_nc_ohc=NxYvmuGyMbwQ7kNvwET2rs4&_nc_oc=AdpNhwelmp6IhOIQMT6RVJa_PaSeJ2J2WvyaxGwc5poPsElA_aP_X5M1uUia8uGUYOs&_nc_zt=24&_nc_ht=scontent-ams2-1.cdninstagram.com&_nc_gid=YbkDR0re_Ln7yTjiqp7Pog&_nc_ss=7a2a8&oh=00_Af3xkM6Obymh0xC2F2H4jL8i0W2M2Km_xVXwj5ZtpCiZvQ&oe=69E24E52,elisadicurzio,https://www.instagram.com/elisadicurzio,"Stagione 2009/2010 Roma-Atalanta 2-1, la prima mia volta allo stadio, @stefano1769 💛❤️ #sentilapassionedalvivo #accettoprivacypolicy #accettoregolamento",0,0,2026-04-11T12:03:05.000Z,18111684508818431,9665874311,2026-04-13T05:52:52.219Z,https://www.instagram.com/p/DW56HTSiEOB/
https://scontent-ams2-1.cdninstagram.com/v/t51.82787-19/516114744_18359746009150444_371166639597640790_n.jpg?stp=dst-jpg_s150x150_tt6&_nc_cat=106&ccb=7-5&_nc_sid=f7ccc5&efg=eyJ2ZW5jb2RlX3RhZyI6InByb2ZpbGVfcGljLnd3dy4xMDgwLkMzIn0%3D&_nc_ohc=x4tS05XHTWkQ7kNvwF465pE&_nc_oc=Adr6oqp2ELaSBPAINLAuTYoxgkB7WZo3cyKJhAUgIc28TR5xHb8zxPGpdXFhXY10kdg&_nc_zt=24&_nc_ht=scontent-ams2-1.cdninstagram.com&_nc_gid=YbkDR0re_Ln7yTjiqp7Pog&_nc_ss=7a2a8&oh=00_Af1TpHV04i7F5Rjf89_LqgmcX2L8tJNLjRBy2aAGkG6ubA&oe=69E23E17,00___francescoo,https://www.instagram.com/00___francescoo,"Atalanta-Roma 2-3 stagione 12/13, la mia prima trasferta a 9 anni💛❤️ @_.sebastian_ferrari._ #accettoregolamento #accettoprivacypolicy #sentilapassionedalvivo",0,0,2026-04-10T20:32:48.000Z,18107327683702599,4341414443,2026-04-13T05:52:52.219Z,https://www.instagram.com/p/DW56HTSiEOB/
https://scontent-ams2-1.cdninstagram.com/v/t51.2885-19/269031904_1038545203668848_7903800552345428851_n.jpg?stp=dst-jpg_s150x150_tt6&_nc_cat=102&ccb=7-5&_nc_sid=f7ccc5&efg=eyJ2ZW5jb2RlX3RhZyI6InByb2ZpbGVfcGljLnd3dy4xMDgwLkMzIn0%3D&_nc_ohc=h0uTlSPCFzIQ7kNvwEGN8Yg&_nc_oc=AdqGjct27Nft3HfEch3c-ePFvgCjhe_jfqUkRiIOjQ3zTG1booe6M3h58Iusx2YetgM&_nc_zt=24&_nc_ht=scontent-ams2-1.cdninstagram.com&_nc_ss=7a2a8&oh=00_Af0YDyh3u3L_osS0UtHyypknJ9Mpm6YVyogQfuTfxQOVwA&oe=69E2681F,eng.esselle,https://www.instagram.com/eng.esselle,Stagione 2011/12 la mia prima volta all’Olimpico 😍 Roma v Atalanta 3-1 @marialuisa_10  #sentilapassionedalvivo #accettoprivacypolicy #accettoregolamento,0,0,2026-04-09T09:42:56.000Z,17943842901169713,1932865964,2026-04-13T05:52:52.219Z,https://www.instagram.com/p/DW56HTSiEOB/
https://scontent-ams2-1.cdninstagram.com/v/t51.2885-19/34377030_1018339961678335_7836804049352523776_n.jpg?stp=dst-jpg_s150x150_tt6&_nc_cat=106&ccb=7-5&_nc_sid=f7ccc5&efg=eyJ2ZW5jb2RlX3RhZyI6InByb2ZpbGVfcGljLnd3dy43MjAuQzMifQ%3D%3D&_nc_ohc=hMEcmDQ0V5IQ7kNvwH_nDdL&_nc_oc=AdopO5QkWmmHzjcdiKU8uzaKO8aRV4y2cOE-VcVzJxWbY0UaUvDsw-lRHUw3rfpex50&_nc_zt=24&_nc_ht=scontent-ams2-1.cdninstagram.com&_nc_ss=7a2a8&oh=00_Af3TJ7X1r5rREdHMbPjhaKb8d-CPk_HEJrAJUeHhM64S6g&oe=69E27018,alessio_asr90,https://www.instagram.com/alessio_asr90,"Atalanta Roma 3-3 Stagione 2015-2016
(17 aprile 2016)
Rete di Francesco Totti 🥹
Una delle ultime emozioni
💛♥️
@eleonoramesiti 
#accettoregolamento
#accettoprivacypolicy
#sentilapassionedalvivo",0,0,2026-04-11T13:41:19.000Z,17884966467378352,1328948170,2026-04-13T05:52:52.219Z,https://www.instagram.com/p/DW56HTSiEOB/
https://scontent-ams2-1.cdninstagram.com/v/t51.2885-19/61420394_693110687812425_5793591074744172544_n.jpg?stp=dst-jpg_s150x150_tt6&_nc_cat=109&ccb=7-5&_nc_sid=f7ccc5&efg=eyJ2ZW5jb2RlX3RhZyI6InByb2ZpbGVfcGljLnd3dy43NzcuQzMifQ%3D%3D&_nc_ohc=n3I81o98LfIQ7kNvwHxEa64&_nc_oc=Adq2hXsReTbfJqzXDmIvBIHBgRgff6ZjbPE--5BTlsz6T5LC-zJoxhguXu0Zky9sCIg&_nc_zt=24&_nc_ht=scontent-ams2-1.cdninstagram.com&_nc_ss=7a2a8&oh=00_Af28pKxfR0x3q30SLruNx8mH-GWOmeDFlmuVkyXDKIqh2Q&oe=69E25A76,luca.carbone.1293,https://www.instagram.com/luca.carbone.1293,"Ricordo un Roma Atalanta 3-1 del 2014. Una bellissima esperienza allo stadio! @soni.cat92
#sentilapassionedalvivo
#accettoregolamento
#accettoprivacypolicy",0,0,2026-04-09T15:07:27.000Z,17917013712143913,5966732480,2026-04-13T05:52:52.219Z,https://www.instagram.com/p/DW56HTSiEOB/
https://scontent-ams2-1.cdninstagram.com/v/t51.82787-19/612163725_18402723430132290_3541516821271835443_n.jpg?stp=dst-jpg_s150x150_tt6&_nc_cat=101&ccb=7-5&_nc_sid=f7ccc5&efg=eyJ2ZW5jb2RlX3RhZyI6InByb2ZpbGVfcGljLnd3dy4xMDgwLkMzIn0%3D&_nc_ohc=ggYw-VUhqt0Q7kNvwGKgS45&_nc_oc=AdpOrsZWxM383h77br1XZTMQb5oPytttjYNZzi6YWArqUePKWKoDkojxpP6Xkdme_TQ&_nc_zt=24&_nc_ht=scontent-ams2-1.cdninstagram.com&_nc_gid=YbkDR0re_Ln7yTjiqp7Pog&_nc_ss=7a2a8&oh=00_Af2pf0BBsU9wY-sFoFpkpeQBhqBPNg1qZlncB9SneZJIbw&oe=69E25D1F,fra154,https://www.instagram.com/fra154,"Roma-atalanta 2-1, 2009-2010 lo scavalco all'Inter.  #sentilapassionedalvivo #accettoprivacypolicy #accettoregolamento @irene.pizzoni 💛❤️",0,0,2026-04-12T09:11:34.000Z,18092348522141068,3935260289,2026-04-13T05:52:52.219Z,https://www.instagram.com/p/DW56HTSiEOB/
https://scontent-ams2-1.cdninstagram.com/v/t51.2885-19/333127935_5575640295873800_7688373740002934835_n.jpg?stp=dst-jpg_s150x150_tt6&_nc_cat=106&ccb=7-5&_nc_sid=f7ccc5&efg=eyJ2ZW5jb2RlX3RhZyI6InByb2ZpbGVfcGljLnd3dy4xMDgwLkMzIn0%3D&_nc_ohc=zgD03NAdvz4Q7kNvwH2it-a&_nc_oc=AdrclzzIZTTJUHZ_nRu-3kHkD2nM4OQmlNJQaMbdFd9QyblNlDyjgfZD0635W_IOcUA&_nc_zt=24&_nc_ht=scontent-ams2-1.cdninstagram.com&_nc_ss=7a2a8&oh=00_Af3KavXsMAI7glxZzMeUC03l8ykQiCk6Twq0CgIIg8XPYw&oe=69E272F9,dado_soloroma1927,https://www.instagram.com/dado_soloroma1927,Atalanta - Roma 1 - 4 -> stagione 2021/22 con 1° stagione di Mou ! @_lucadrigo_ #sentilapassionedalvivo #accettoprivacypolicy #accettoregolamento,0,0,2026-04-11T21:21:45.000Z,18081105098378996,48297997507,2026-04-13T05:52:52.219Z,https://www.instagram.com/p/DW56HTSiEOB/
https://scontent-ams2-1.cdninstagram.com/v/t51.82787-19/533136445_18511849795063914_6576014022368877519_n.jpg?stp=dst-jpg_s150x150_tt6&_nc_cat=105&ccb=7-5&_nc_sid=f7ccc5&efg=eyJ2ZW5jb2RlX3RhZyI6InByb2ZpbGVfcGljLnd3dy4xMDgwLkMzIn0%3D&_nc_ohc=L15_Ry_KvWAQ7kNvwGT5gpN&_nc_oc=AdqtvMTQlYeANCTTxLhfhn2F-jTBd4qve8xbx8Ccfa7isBlH_OFSFR8psGuEU7iFqic&_nc_zt=24&_nc_ht=scontent-ams2-1.cdninstagram.com&_nc_gid=YbkDR0re_Ln7yTjiqp7Pog&_nc_ss=7a2a8&oh=00_Af1JwqEBTu0vGsjCfUqPRJW3vgQ3MowXpzOSzntxKwXg_w&oe=69E24370,andreabnenio,https://www.instagram.com/andreabnenio,"Stagione 21/22 Atalanta-Roma 1-4, Mourinho in panchina e doppietta di Abraham😍 @yaya.9.0 
#accettoregolamento
#accettoprivacypolicy
#sentilapassionedalvivo",0,0,2026-04-11T12:39:44.000Z,18107539678884473,1022079913,2026-04-13T05:52:52.219Z,https://www.instagram.com/p/DW56HTSiEOB/
https://scontent-ams2-1.cdninstagram.com/v/t51.82787-19/536478641_18417031870108241_1170137053188461616_n.jpg?stp=dst-jpg_s150x150_tt6&_nc_cat=103&ccb=7-5&_nc_sid=f7ccc5&efg=eyJ2ZW5jb2RlX3RhZyI6InByb2ZpbGVfcGljLnd3dy4xMDgwLkMzIn0%3D&_nc_ohc=VRc6NNit5f8Q7kNvwFdqQKb&_nc_oc=AdpOQTSpKaeLGHQ19WmU0Z2IUR9XthG91GTQWLf8cqQNAYAX7Z3pzxRUUE1g79TJJfc&_nc_zt=24&_nc_ht=scontent-ams2-1.cdninstagram.com&_nc_gid=YbkDR0re_Ln7yTjiqp7Pog&_nc_ss=7a2a8&oh=00_Af1JoxfI0VAhUzNwjAcMXaCDAHw9Z4srtyOHrlJAHYCIKg&oe=69E266B6,saluto_romanamente_93,https://www.instagram.com/saluto_romanamente_93,11 aprile 2010 stagione 2009-2010 Roma atalanta 2-1 che sancì il sorpasso all' inter che pareggiò a Firenze. Vucinic e cassetti segnarono per noi. Avevo 16 anni uno dei primi abbonamenti in curva e sognammo ad occhi aperti sembrava fatta...a fine partita si respirò un aria magica... Attimi che restano...a distanza di 16 anni uno ci pensa con malinconia..ma almeno ho avuto la fortuna di viverli..😅. @___simone4__  #accettoregolamento #accettoprivacypolicy #sentilapassionedalvivo,0,0,2026-04-11T11:54:08.000Z,18081260063102355,3154708240,2026-04-13T05:52:52.219Z,https://www.instagram.com/p/DW56HTSiEOB/
https://scontent-ams2-1.cdninstagram.com/v/t51.82787-19/657152134_18066356489338930_1262289995686198723_n.jpg?stp=dst-jpg_s150x150_tt6&_nc_cat=109&ccb=7-5&_nc_sid=f7ccc5&efg=eyJ2ZW5jb2RlX3RhZyI6InByb2ZpbGVfcGljLnd3dy43MjguQzMifQ%3D%3D&_nc_ohc=-8SANqlEToAQ7kNvwHhc2iy&_nc_oc=AdrFTE2z5JtVPi9stQcd70PS8JSApZsxxsggNqB2I1To-93Gv_tFpOtGccpXtUBWunQ&_nc_zt=24&_nc_ht=scontent-ams2-1.cdninstagram.com&_nc_gid=YbkDR0re_Ln7yTjiqp7Pog&_nc_ss=7a2a8&oh=00_Af1a1-kDTjEeHx717HT6Kc5l4Srp6M7FYhE180qPfKwTHA&oe=69E23B96,eurobet.minturno.scauri2025,https://www.instagram.com/eurobet.minturno.scauri2025,@kekkone26 vai partecipa che ti mandiamo all olimpico fisso 😂,0,0,2026-04-09T11:09:16.000Z,18574015753016539,40204642929,2026-04-13T05:52:52.219Z,https://www.instagram.com/p/DW56HTSiEOB/
https://scontent-ams2-1.cdninstagram.com/v/t51.75761-19/496752935_18044244926430093_6799824324067482516_n.jpg?stp=dst-jpg_s150x150_tt6&_nc_cat=106&ccb=7-5&_nc_sid=f7ccc5&efg=eyJ2ZW5jb2RlX3RhZyI6InByb2ZpbGVfcGljLnd3dy4xMDgwLkMzIn0%3D&_nc_ohc=hJNL7DReq-UQ7kNvwFJ2Gcx&_nc_oc=Adr9mB55xfUEWHqyUMnYo62T7DaVcTinODWxWTlZPJO9jBIex5r2Nx8WUEPBZea0T1s&_nc_zt=24&_nc_ht=scontent-ams2-1.cdninstagram.com&_nc_gid=YbkDR0re_Ln7yTjiqp7Pog&_nc_ss=7a2a8&oh=00_Af3guRzXounmE-1xFnrN0Kr9-c41HJltTZCPibRf4-SLLg&oe=69E251B7,marcoreale88,https://www.instagram.com/marcoreale88,"Roma-Atalanta stagione 2000/2001! Minuto 63'  gol aereoplanino Montella,cavalcata scudetto!!!che ricordi @mirko.reale_ #accettoilregolamento #accettoprivacypolicy #sentilapassionedalvivo",0,0,2026-04-11T22:56:33.000Z,18158904034445939,42764318092,2026-04-13T05:52:52.219Z,https://www.instagram.com/p/DW56HTSiEOB/
https://scontent-ams2-1.cdninstagram.com/v/t51.82787-19/540076647_18039186632656442_4426951926133058113_n.jpg?stp=dst-jpg_s150x150_tt6&_nc_cat=102&ccb=7-5&_nc_sid=f7ccc5&efg=eyJ2ZW5jb2RlX3RhZyI6InByb2ZpbGVfcGljLnd3dy4xMDgwLkMzIn0%3D&_nc_ohc=711TaneFy7cQ7kNvwH6RW0F&_nc_oc=AdpmXmPrIkghdY_bFCHpXBD6f7lted9aSS_0d9yp9tHG4e6_QY85v3ppysVZb4u_CB4&_nc_zt=24&_nc_ht=scontent-ams2-1.cdninstagram.com&_nc_gid=YbkDR0re_Ln7yTjiqp7Pog&_nc_ss=7a2a8&oh=00_Af1nBZI_BLIsHQ6Pm5JYBH7knLnXQKTTXH13NqKW0zvg0Q&oe=69E25968,massy_iovino_,https://www.instagram.com/massy_iovino_,Stagione 2021-2022 Atalanta-Roma 1-4  @michele_iwine #accettoregolamento #accettoprivacypolicy #sentilapassionedalvivo,0,0,2026-04-11T11:12:37.000Z,18048063602518175,49755904441,2026-04-13T05:52:52.219Z,https://www.instagram.com/p/DW56HTSiEOB/
https://scontent-ams2-1.cdninstagram.com/v/t51.2885-19/270758593_1453225245092767_5919045141237475430_n.jpg?stp=dst-jpg_s150x150_tt6&_nc_cat=107&ccb=7-5&_nc_sid=f7ccc5&efg=eyJ2ZW5jb2RlX3RhZyI6InByb2ZpbGVfcGljLnd3dy4xMDgwLkMzIn0%3D&_nc_ohc=xfXkk5t0C5sQ7kNvwFpwtaV&_nc_oc=Adp-cmLCyTshjkVFIp5dnQZlxr62d9Ckob-jkylnrco5Dq9R-eqCWgEx_-eLMqaK8iI&_nc_zt=24&_nc_ht=scontent-ams2-1.cdninstagram.com&_nc_ss=7a2a8&oh=00_Af1Vi8BYdizDWRZwISGCypZPg5qamaMN8ufyBfQNC9r15g&oe=69E26642,matteocolagrossi9,https://www.instagram.com/matteocolagrossi9,Atalanta-Roma 1-4 stagione 2021/2022 @pierpaolozaccaria__tattoo #accettoregolamento#accettoprivacypolicy#sentilapassionedalvivo,0,0,2026-04-11T07:23:45.000Z,18142109905504186,51222193949,2026-04-13T05:52:52.219Z,https://www.instagram.com/p/DW56HTSiEOB/
https://scontent-ams2-1.cdninstagram.com/v/t51.82787-19/625906408_17872840980516263_9168370594512251532_n.jpg?stp=dst-jpg_s150x150_tt6&_nc_cat=111&ccb=7-5&_nc_sid=f7ccc5&efg=eyJ2ZW5jb2RlX3RhZyI6InByb2ZpbGVfcGljLnd3dy4xMDI0LkMzIn0%3D&_nc_ohc=xL06Rv7OBEUQ7kNvwHowcod&_nc_oc=AdpWGR8QcEidTCeqzGXl_7vSTtdAq00UDg-UFH9BqhpKr1luNIDfFyjVouCVgl4d0ao&_nc_zt=24&_nc_ht=scontent-ams2-1.cdninstagram.com&_nc_gid=YbkDR0re_Ln7yTjiqp7Pog&_nc_ss=7a2a8&oh=00_Af3d1-iTw0TT_gearR_Irm22t-FlvwTXBq7MLMnpmLkDvA&oe=69E271F6,sportsketch_design,https://www.instagram.com/sportsketch_design,Stagione 21/22 Atalanta-Roma dove la Roma di Mourinho porta a casa 3 punti difficili fuori casa con doppietta di Abraham💛❤️🐺 @d.ptn09 #accettoregolamento #accettoprivacypolicy #sentilapassionedalvivo,0,0,2026-04-12T14:07:36.000Z,18112376203799974,75534500262,2026-04-13T05:52:52.219Z,https://www.instagram.com/p/DW56HTSiEOB/
https://scontent-ams2-1.cdninstagram.com/v/t51.2885-19/18580939_1897687007163764_8113251672353931264_a.jpg?stp=dst-jpg_s150x150_tt6&_nc_cat=111&ccb=7-5&_nc_sid=f7ccc5&efg=eyJ2ZW5jb2RlX3RhZyI6InByb2ZpbGVfcGljLnd3dy4yMDAuQzMifQ%3D%3D&_nc_ohc=42ca6kSKmooQ7kNvwFS06hi&_nc_oc=Ado8rdGZ_9h6NOFQTJmF5Amc5_Vo_nSS8nMqHX51MVggesfqLy096aFkbE7HHCnm-UM&_nc_zt=24&_nc_ht=scontent-ams2-1.cdninstagram.com&_nc_ss=7a2a8&oh=00_Af2ozBl_hxDcumdmi52T1bMHpEVhKdHGlLTk3zOtgCqq8g&oe=69E2497E,masia.simone,https://www.instagram.com/masia.simone,Atalanta 1 Roma 4 stagione 2021/2022,0,0,2026-04-11T13:34:38.000Z,17868882957502243,5503574832,2026-04-13T05:52:55.691Z,https://www.instagram.com/p/DW56HTSiEOB/
https://scontent-ams2-1.cdninstagram.com/v/t51.2885-19/472914164_1746546956197034_859996456536024276_n.jpg?stp=dst-jpg_s150x150_tt6&_nc_cat=104&ccb=7-5&_nc_sid=f7ccc5&efg=eyJ2ZW5jb2RlX3RhZyI6InByb2ZpbGVfcGljLnd3dy4xMDgwLkMzIn0%3D&_nc_ohc=_Ma0ystEL_wQ7kNvwE8OG2m&_nc_oc=AdoNOLFAQcS6tWQrOfRp-YFQL3m6I4n4nXKoHelEaIyhtlb2799XzAIupRas0Q5tDM4&_nc_zt=24&_nc_ht=scontent-ams2-1.cdninstagram.com&_nc_ss=7a2a8&oh=00_Af1MzJ9UYLUpBqL2yZx0Bv-ZiadAeKV0gpUwLnay0SdkQA&oe=69E2717E,mika_mika80,https://www.instagram.com/mika_mika80,Roma-Atalanta 1-0 Montella! stagione 2000/2001  @ariannarovito #accettoregolamento #accettoprivacypolicy #sentilapassionedalvivo,0,0,2026-04-11T04:55:53.000Z,18389063569089382,7787553,2026-04-13T05:52:55.691Z,https://www.instagram.com/p/DW56HTSiEOB/
https://scontent-ams2-1.cdninstagram.com/v/t51.2885-19/451145931_3820990694835735_8171725515952409658_n.jpg?stp=dst-jpg_s150x150_tt6&_nc_cat=108&ccb=7-5&_nc_sid=f7ccc5&efg=eyJ2ZW5jb2RlX3RhZyI6InByb2ZpbGVfcGljLnd3dy42NDAuQzMifQ%3D%3D&_nc_ohc=_oodeNPesvUQ7kNvwFDauSr&_nc_oc=AdoeBRTIozcKxWSFXttPGVgq12GL95Bi1GgqM87eMFb0yNfwM_o4SL07hZxMqPLoEsU&_nc_zt=24&_nc_ht=scontent-ams2-1.cdninstagram.com&_nc_ss=7a2a8&oh=00_Af2CDEsZjHinbTevegbDt3K_eCeWOUttWrPeqQpL1uXWtQ&oe=69E26E79,appannati_pa_roma1927,https://www.instagram.com/appannati_pa_roma1927,Atalanta-Roma 1-4; stagione 2021/2021  @as_romastyle_1927  #accettoregolamento #accettoprivacypolicy #sentilapassionedalvivo,0,0,2026-04-11T13:16:58.000Z,17941819035176176,67653104121,2026-04-13T05:52:55.691Z,https://www.instagram.com/p/DW56HTSiEOB/
https://scontent-ams2-1.cdninstagram.com/v/t51.82787-19/506421971_18068338841110636_841532999397556177_n.jpg?stp=dst-jpg_s150x150_tt6&_nc_cat=110&ccb=7-5&_nc_sid=f7ccc5&efg=eyJ2ZW5jb2RlX3RhZyI6InByb2ZpbGVfcGljLnd3dy4xMDgwLkMzIn0%3D&_nc_ohc=SMFdmLCnRkEQ7kNvwFQ_yUD&_nc_oc=Adp_0c32DbT0Yr6PKSsUyWj5hFSV72rb-PV6RosZ82oix1n6wAjZhZ18f_qnAkHCzmQ&_nc_zt=24&_nc_ht=scontent-ams2-1.cdninstagram.com&_nc_gid=b0NVuo49Tw7sB3UL_UptVg&_nc_ss=7a2a8&oh=00_Af1xBe9psUXcwJbsFsm30riR9dRvHhlsEkg3q7Y0rEX_Qw&oe=69E26688,danielebuffone,https://www.instagram.com/danielebuffone,Roma-atalanta 3-1 stagione 13/14 @_kristel.___  #accettoregolamento #accettoprivacypolicy #sentilapassionedalvivo,0,0,2026-04-11T08:37:04.000Z,18096492950023294,33294078635,2026-04-13T05:52:55.691Z,https://www.instagram.com/p/DW56HTSiEOB/
https://scontent-ams2-1.cdninstagram.com/v/t51.75761-19/494584171_18506331769007349_3988018381406956367_n.jpg?stp=dst-jpg_s150x150_tt6&_nc_cat=111&ccb=7-5&_nc_sid=f7ccc5&efg=eyJ2ZW5jb2RlX3RhZyI6InByb2ZpbGVfcGljLnd3dy4xMDgwLkMzIn0%3D&_nc_ohc=rC7vBwFnlcUQ7kNvwFT-XYm&_nc_oc=Ado-rYSXUdv6D-fKZGBBOZAh146WVHCkXJZREFQT7hHJ9o7VCOAQElsVub26w5WM3PI&_nc_zt=24&_nc_ht=scontent-ams2-1.cdninstagram.com&_nc_gid=b0NVuo49Tw7sB3UL_UptVg&_nc_ss=7a2a8&oh=00_Af33dHrbAc3I93Xvaboq74YbVxluLKmkcyJUZVZBBPIDfw&oe=69E23CED,valeriamataloni,https://www.instagram.com/valeriamataloni,"Atalanta-Roma 1-4, Stagione 2021/2022 @pietromata2012 #accettoregolamento #accettoprivacypolicy #sentilapassionedalvivo",0,0,2026-04-11T12:44:18.000Z,18099595838069854,262791348,2026-04-13T05:52:55.691Z,https://www.instagram.com/p/DW56HTSiEOB/
https://scontent-ams2-1.cdninstagram.com/v/t51.82787-19/587790814_18438280261103309_5603314944497507852_n.jpg?stp=dst-jpg_s150x150_tt6&_nc_cat=111&ccb=7-5&_nc_sid=f7ccc5&efg=eyJ2ZW5jb2RlX3RhZyI6InByb2ZpbGVfcGljLnd3dy4xMDgwLkMzIn0%3D&_nc_ohc=3YeScfszttkQ7kNvwGWH3TC&_nc_oc=Adq-amK8YnE8N0OIH6qAX6JUzUzkkfZZjwkUZdV2VZhO9vF_tscZISy_Y5LG1ewRQdk&_nc_zt=24&_nc_ht=scontent-ams2-1.cdninstagram.com&_nc_gid=b0NVuo49Tw7sB3UL_UptVg&_nc_ss=7a2a8&oh=00_Af0JOj6IPMAqkRFL1Z3SUolF4yksse0TyqmCTWJynkwhDQ&oe=69E24876,ginnetti_simone,https://www.instagram.com/ginnetti_simone,"Atalanta-Roma, stagione 2021/2022, @renzoginnetti #accettoregolamento #accettoprivacypolicy #sentilapassionedalvivo",0,0,2026-04-11T18:29:11.000Z,18209151331336184,3009287308,2026-04-13T05:52:55.691Z,https://www.instagram.com/p/DW56HTSiEOB/
https://scontent-ams2-1.cdninstagram.com/v/t51.2885-19/422042877_1087890182534283_3407071881751654520_n.jpg?stp=dst-jpg_s150x150_tt6&_nc_cat=101&ccb=7-5&_nc_sid=f7ccc5&efg=eyJ2ZW5jb2RlX3RhZyI6InByb2ZpbGVfcGljLnd3dy4xMDgwLkMzIn0%3D&_nc_ohc=M86uZiGb8FMQ7kNvwGNEqov&_nc_oc=AdqjdXQ5tznfT7nLa8ONqMHWKYwoO-iy__xmEXb0o3e7Irst_SSLwehEl3S-p-acXMQ&_nc_zt=24&_nc_ht=scontent-ams2-1.cdninstagram.com&_nc_ss=7a2a8&oh=00_Af1qWEHQpp00efqJd3c7G06YMNK3nYjm4IAWFh5o0bjG_Q&oe=69E25586,giovanniparato,https://www.instagram.com/giovanniparato,"Roma–Atalanta 4-1 (stagione 2018/19): una partita incredibile! Sotto all’inizio e poi una rimonta devastante con una Roma dominante @giuseppeparato #sentilapassionedalvivo
#accettoprivacypolicy #accettoregolamento",0,0,2026-04-11T12:06:01.000Z,18026918351804938,651012024,2026-04-13T05:52:55.691Z,https://www.instagram.com/p/DW56HTSiEOB/
https://scontent-ams2-1.cdninstagram.com/v/t51.2885-19/294871236_1392926307881425_6996909390260412729_n.jpg?stp=dst-jpg_s150x150_tt6&_nc_cat=103&ccb=7-5&_nc_sid=f7ccc5&efg=eyJ2ZW5jb2RlX3RhZyI6InByb2ZpbGVfcGljLnd3dy43NjguQzMifQ%3D%3D&_nc_ohc=NPF2xCRftF4Q7kNvwHTBH1M&_nc_oc=AdpeUwfeqF-yU89sQa2tiTvvbB1YEueY2wB0GemeaU8J_RfVaAJp9JoxYeONjC8m9Ew&_nc_zt=24&_nc_ht=scontent-ams2-1.cdninstagram.com&_nc_ss=7a2a8&oh=00_Af2xP3_Bp_HFNKo1W0rklSZrmpCh-cnAifzGJz1mR1AUMQ&oe=69E25CBC,deddu29,https://www.instagram.com/deddu29,"Stagione 2020/2021, Atalanta-Roma 1-4; @ilascalzo #accettoregolamento #accettoprivacypolicy #sentilapassionedalvivo",0,0,2026-04-12T16:17:43.000Z,18146573050487512,1496402979,2026-04-13T05:52:55.691Z,https://www.instagram.com/p/DW56HTSiEOB/
https://scontent-ams2-1.cdninstagram.com/v/t51.82787-19/623275703_17872301052529769_8804243988804858135_n.jpg?stp=dst-jpg_s150x150_tt6&_nc_cat=106&ccb=7-5&_nc_sid=f7ccc5&efg=eyJ2ZW5jb2RlX3RhZyI6InByb2ZpbGVfcGljLnd3dy4xMDgwLkMzIn0%3D&_nc_ohc=boQ2P217KiUQ7kNvwGQzHfF&_nc_oc=AdrCyINkitIItaD1gW6EeUPQ4shSkxRakNtEVvB4j5Skm8wEvXplto0wRAes95F-wF4&_nc_zt=24&_nc_ht=scontent-ams2-1.cdninstagram.com&_nc_gid=b0NVuo49Tw7sB3UL_UptVg&_nc_ss=7a2a8&oh=00_Af2iaxENc_7VMWX9c7qCrFjGFEIWRcD8WSOX60mHv8kIsA&oe=69E26D46,pietromata2012,https://www.instagram.com/pietromata2012,Roma - Atalanta 3-0 stagione 1997/1998 @valeriamataloni #accettoregolamento #accettoprivacypolicy #sentilapassionedalvivo,0,0,2026-04-11T18:49:01.000Z,17866588044610994,76002577768,2026-04-13T05:52:55.691Z,https://www.instagram.com/p/DW56HTSiEOB/
https://scontent-ams2-1.cdninstagram.com/v/t51.2885-19/98100802_1113251525716899_5152218007795138560_n.jpg?stp=dst-jpg_s150x150_tt6&_nc_cat=111&ccb=7-5&_nc_sid=f7ccc5&efg=eyJ2ZW5jb2RlX3RhZyI6InByb2ZpbGVfcGljLnd3dy4xMDgwLkMzIn0%3D&_nc_ohc=yhCL6oli6TcQ7kNvwHj2xBw&_nc_oc=AdoaeRsFI7N9GbrHdPZQYeKsC5z9Fn0kr-Hc-QqOqqCPCnjA3f2xQRrc5wUPJwp_1yY&_nc_zt=24&_nc_ht=scontent-ams2-1.cdninstagram.com&_nc_ss=7a2a8&oh=00_Af3vpB7gpc6rzIa3H_TNhKqNWqxfikCQxBGJE8CCZfN2ZQ&oe=69E268AB,_federica_calo,https://www.instagram.com/_federica_calo,"Stagione 2021-22 (18 dicembre 2021) 
Atalanta 1 - Roma 4 🔥🔥
@veneziani94 
#accettoregolamento #accettoprivacypolicy 
#sentilapassionedalvivo",0,0,2026-04-11T11:07:57.000Z,17932804725236944,2626130,2026-04-13T05:52:55.691Z,https://www.instagram.com/p/DW56HTSiEOB/
https://scontent-ams2-1.cdninstagram.com/v/t51.82787-19/527378219_18339800791160072_7272938668729575931_n.jpg?stp=dst-jpg_s150x150_tt6&_nc_cat=110&ccb=7-5&_nc_sid=f7ccc5&efg=eyJ2ZW5jb2RlX3RhZyI6InByb2ZpbGVfcGljLnd3dy4xMDgwLkMzIn0%3D&_nc_ohc=GQg9RNFZ--0Q7kNvwEn_vme&_nc_oc=Ado05wADkXAeBqpM-PMYtQvnkkfGYAtb8Ju0T6i4jOwP6LUt2sWsFgmMxB6oe94t0QA&_nc_zt=24&_nc_ht=scontent-ams2-1.cdninstagram.com&_nc_gid=b0NVuo49Tw7sB3UL_UptVg&_nc_ss=7a2a8&oh=00_Af3EjqnMi_D55q68qvIiCvpS7frpMAsao_I1dCQcwaV0jg&oe=69E24075,michele_iwine,https://www.instagram.com/michele_iwine,Stagione 2012-13 Roma 3-0 Atalanta @massy_iovino_ #accettoregolamento #accettoprivacypolicy #sentilapassionedalvivo,0,0,2026-04-11T11:19:24.000Z,17883798618513009,4841352071,2026-04-13T05:52:55.691Z,https://www.instagram.com/p/DW56HTSiEOB/
https://scontent-ams2-1.cdninstagram.com/v/t51.2885-19/298039375_1064217744231438_3271783336577961009_n.jpg?stp=dst-jpg_s150x150_tt6&_nc_cat=104&ccb=7-5&_nc_sid=f7ccc5&efg=eyJ2ZW5jb2RlX3RhZyI6InByb2ZpbGVfcGljLnd3dy43MjAuQzMifQ%3D%3D&_nc_ohc=3v8mqAZgrdgQ7kNvwHhwCoB&_nc_oc=Adp7SLD2JzYsL2F5SSJ7LCtC69S_WARalxNiGt6rG5ja9DZirNSsw_BHpPdflGIZU1s&_nc_zt=24&_nc_ht=scontent-ams2-1.cdninstagram.com&_nc_ss=7a2a8&oh=00_Af0_8-ngGT2Eed9aem8grcb6hgTkU04Fbp1QWWitMIBqXA&oe=69E262D6,monna__lisa,https://www.instagram.com/monna__lisa,"Atalanta Roma 3-1 2014/2015
@asromaelsha92 #accettoregolamento #accettoprivacypolicy #sentilapassionedalvivo",0,0,2026-04-10T22:21:18.000Z,18087557513352224,1655445424,2026-04-13T05:52:55.691Z,https://www.instagram.com/p/DW56HTSiEOB/
https://scontent-ams2-1.cdninstagram.com/v/t51.82787-19/610756620_18088879922109079_8983513305068393988_n.jpg?stp=dst-jpg_s150x150_tt6&_nc_cat=101&ccb=7-5&_nc_sid=f7ccc5&efg=eyJ2ZW5jb2RlX3RhZyI6InByb2ZpbGVfcGljLnd3dy4xMDgwLkMzIn0%3D&_nc_ohc=_TYrqgsAcUsQ7kNvwFBnbYY&_nc_oc=AdqgL1dpW80QcGeW5DJwHORsHeNhwqSPDF2HjNbvOFBXE8SvO_T-NdbJUVk3o7PJbeQ&_nc_zt=24&_nc_ht=scontent-ams2-1.cdninstagram.com&_nc_gid=b0NVuo49Tw7sB3UL_UptVg&_nc_ss=7a2a8&oh=00_Af0Ndr0ieXo_ckkVVJu3fKVdJVKctG_g3wqobY5E-Dfrmg&oe=69E26A15,passione_romanista,https://www.instagram.com/passione_romanista,Stagione 2009-10 Roma-Atalanta 2-1 @dartan91  #accettoregolamento #accettoprivacypolicy #sentilapassionedalvivo,0,0,2026-04-09T11:30:16.000Z,18065260982689602,33204917078,2026-04-13T05:52:55.691Z,https://www.instagram.com/p/DW56HTSiEOB/
https://scontent-ams2-1.cdninstagram.com/v/t51.2885-19/242761275_977532836142545_2220468347787560559_n.jpg?stp=dst-jpg_s150x150_tt6&_nc_cat=100&ccb=7-5&_nc_sid=f7ccc5&efg=eyJ2ZW5jb2RlX3RhZyI6InByb2ZpbGVfcGljLnd3dy45NjAuQzMifQ%3D%3D&_nc_ohc=URGJB1vR9-UQ7kNvwFMDQMC&_nc_oc=AdrJLymO_zkz6qvP4qV0VabLfXCHla_DsSyWe6xnyBbN94tQaUguz0iSfC--3S15AUo&_nc_zt=24&_nc_ht=scontent-ams2-1.cdninstagram.com&_nc_ss=7a2a8&oh=00_Af2DOmMvHKimhyfpsr60CrAprtaKy1HCInfLlfLjOVqtgQ&oe=69E270C8,fracad87,https://www.instagram.com/fracad87,"Stagione 2013/2014 Roma - Atalanta 3-1 
#accettoregolamento #accettoprivacypolicy #sentilapassionedalvivo @ragnarok.87",0,0,2026-04-12T18:24:03.000Z,18099907228951113,1136873778,2026-04-13T05:52:55.691Z,https://www.instagram.com/p/DW56HTSiEOB/
https://scontent-ams2-1.cdninstagram.com/v/t51.82787-19/621855758_18393667516180805_8286153933915634891_n.jpg?stp=dst-jpg_s150x150_tt6&_nc_cat=102&ccb=7-5&_nc_sid=f7ccc5&efg=eyJ2ZW5jb2RlX3RhZyI6InByb2ZpbGVfcGljLnd3dy45MjcuQzMifQ%3D%3D&_nc_ohc=FyFCBtcZmvMQ7kNvwEvZ-Ai&_nc_oc=Adp2tpvqIwf9FFLkyVqPkYEGN9JiFzevCpJvPtqZFMYYCEMH9RUflHPFzbZ2dkUbKxo&_nc_zt=24&_nc_ht=scontent-ams2-1.cdninstagram.com&_nc_gid=csWK3SH7mB3_d7hah--7QQ&_nc_ss=7a2a8&oh=00_Af1JLwCC5ecsn6pcb6vS-SEYs5DNd69zSwSfdZuLOGz29g&oe=69E26C33,_.robin.00_,https://www.instagram.com/_.robin.00_,"Atalanta roma 1-4 stagione 2021/2022 @_.auroraaa._a 
#accettoregolamento 
#accettoprivacypolicy 
#sentilapassionedalvivo",0,0,2026-04-11T11:03:50.000Z,18054890693706691,5402660804,2026-04-13T05:52:59.285Z,https://www.instagram.com/p/DW56HTSiEOB/
https://scontent-ams2-1.cdninstagram.com/v/t51.82787-19/641855378_17853858885625454_8837591716086927042_n.jpg?stp=dst-jpg_s150x150_tt6&_nc_cat=107&ccb=7-5&_nc_sid=f7ccc5&efg=eyJ2ZW5jb2RlX3RhZyI6InByb2ZpbGVfcGljLnd3dy4xMDgwLkMzIn0%3D&_nc_ohc=uiVTWcx8_8UQ7kNvwH6750Y&_nc_oc=AdqQnvgpnL9pZCBctB5aOUOO2C5rZHOuzD-zzARmJ9PB925DKLfG6yBaPek5zagnDpA&_nc_zt=24&_nc_ht=scontent-ams2-1.cdninstagram.com&_nc_gid=csWK3SH7mB3_d7hah--7QQ&_nc_ss=7a2a8&oh=00_Af0dmEPk7J9epvHORl6BgTC47V5i1md6zWRMukUGA2oK-Q&oe=69E25D06,dimashh2012,https://www.instagram.com/dimashh2012,Attendo risposta,0,0,2026-04-12T18:51:10.000Z,17949451257130303,78914489453,2026-04-13T05:52:59.285Z,https://www.instagram.com/p/DW56HTSiEOB/
https://scontent-ams2-1.cdninstagram.com/v/t51.82787-19/652397840_18070481447640072_2507589146924310266_n.jpg?stp=dst-jpg_s150x150_tt6&_nc_cat=105&ccb=7-5&_nc_sid=f7ccc5&efg=eyJ2ZW5jb2RlX3RhZyI6InByb2ZpbGVfcGljLnd3dy4xMDgwLkMzIn0%3D&_nc_ohc=nHFqrPrVcrgQ7kNvwFELCwq&_nc_oc=Adr_xOiHHvQ1A6ZNpEe8PrBl-We8LqdViIiXKnGqkqRKmRXrjXlvou4e5rDZ5jeEB1A&_nc_zt=24&_nc_ht=scontent-ams2-1.cdninstagram.com&_nc_gid=csWK3SH7mB3_d7hah--7QQ&_nc_ss=7a2a8&oh=00_Af2fw6wkzr4_zRowIEm08Nt7w6fVtuG4cLHr5KcBQZ60lw&oe=69E2537F,___aale.__,https://www.instagram.com/___aale.__,atalanta 1 - 4 roma stagione 21/22 @pascaaaa__ #sentilapassionedalvivo #accettoprivacypolicy #accettoregolamento,0,0,2026-04-10T13:08:33.000Z,18089801054232224,49342784071,2026-04-13T05:52:59.285Z,https://www.instagram.com/p/DW56HTSiEOB/
https://scontent-ams2-1.cdninstagram.com/v/t51.2885-19/434888498_1473580166601616_7021647646441565540_n.jpg?stp=dst-jpg_s150x150_tt6&_nc_cat=110&ccb=7-5&_nc_sid=f7ccc5&efg=eyJ2ZW5jb2RlX3RhZyI6InByb2ZpbGVfcGljLnd3dy44MjguQzMifQ%3D%3D&_nc_ohc=VIzm98TyukgQ7kNvwGlpkJZ&_nc_oc=AdqK_LByMSmFp2bVyk3HB1ZttHNooVnp6kQU6W4FL9rDqsuS4mKyONVmcQvkXr8Pe_0&_nc_zt=24&_nc_ht=scontent-ams2-1.cdninstagram.com&_nc_ss=7a2a8&oh=00_Af1pR8P00XBdAj31byXpVVsnDbHauTD3_9evnqCTAH7YtA&oe=69E261E7,silvia_rbn,https://www.instagram.com/silvia_rbn,Atalanta-Roma 1-4 della stagione 2021/22. #sentilapassionedalvivo #accettoregolamento #accettoprivacypolice @daniele.lovetro,0,0,2026-04-11T11:35:37.000Z,18040123769565561,241185039,2026-04-13T05:52:59.285Z,https://www.instagram.com/p/DW56HTSiEOB/
https://scontent-ams2-1.cdninstagram.com/v/t51.2885-19/91142467_511730729527338_6438844378357170176_n.jpg?stp=dst-jpg_s150x150_tt6&_nc_cat=110&ccb=7-5&_nc_sid=f7ccc5&efg=eyJ2ZW5jb2RlX3RhZyI6InByb2ZpbGVfcGljLnd3dy4xMDE1LkMzIn0%3D&_nc_ohc=HCvnL8HvtzUQ7kNvwHYWV7V&_nc_oc=AdrjeYFOs8oeYidPssqa88o-yGL8cfzOxL1BB4bRUm7GaswEUdyyAj4cLBNpd1TCUew&_nc_zt=24&_nc_ht=scontent-ams2-1.cdninstagram.com&_nc_ss=7a2a8&oh=00_Af2qFSY7UQVGMELi6e_VIxrNCmAli3e5v4IcUcc2Vde7Aw&oe=69E264ED,solocoseinutili_,https://www.instagram.com/solocoseinutili_,Atalanta-Roma 1-4 stagione 21/22 @raffaellaacristofaro #accettoregolamento #accettoprivacypolicy #sentilapassionedalvivo,0,0,2026-04-12T08:02:30.000Z,18421119430193614,12480898780,2026-04-13T05:52:59.285Z,https://www.instagram.com/p/DW56HTSiEOB/
https://scontent-ams2-1.cdninstagram.com/v/t51.82787-19/669877657_18110743156879227_3351437767852654725_n.jpg?stp=dst-jpg_s150x150_tt6&_nc_cat=111&ccb=7-5&_nc_sid=f7ccc5&efg=eyJ2ZW5jb2RlX3RhZyI6InByb2ZpbGVfcGljLnd3dy4xMDgwLkMzIn0%3D&_nc_ohc=8M6zvmjr8z0Q7kNvwHiqstq&_nc_oc=AdqDXQ0WFcH-UXxzGTOU7KF8OJS2kVH5bWuDjW48PhCW5z7KFhKWYPaK1ue-rkhWUqo&_nc_zt=24&_nc_ht=scontent-ams2-1.cdninstagram.com&_nc_gid=csWK3SH7mB3_d7hah--7QQ&_nc_ss=7a2a8&oh=00_Af282_YLZ4ZKkl0nuSz385D5_vAZsZVTXZyk3eY5jlT3Og&oe=69E25983,_francesco.daniello,https://www.instagram.com/_francesco.daniello,Atalanta Roma 1-4 2021/2022 @_danix7_ #accettoregolamento #accettoprivacypolicy #sentilapassionedalvivo,0,0,2026-04-12T04:35:17.000Z,17913444201358231,26181927226,2026-04-13T05:52:59.285Z,https://www.instagram.com/p/DW56HTSiEOB/
https://scontent-ams2-1.cdninstagram.com/v/t51.2885-19/448241186_960779305729434_438573319658656965_n.jpg?stp=dst-jpg_s150x150_tt6&_nc_cat=110&ccb=7-5&_nc_sid=f7ccc5&efg=eyJ2ZW5jb2RlX3RhZyI6InByb2ZpbGVfcGljLnd3dy4xMDgwLkMzIn0%3D&_nc_ohc=LngJsA9RPY0Q7kNvwEqhkbq&_nc_oc=AdoApsNV6v7sK9kkGZiZBHOyM_jgdwAyg8tahpR4-P5MXgojAIG_6Yw-aEbAGqfbaeI&_nc_zt=24&_nc_ht=scontent-ams2-1.cdninstagram.com&_nc_ss=7a2a8&oh=00_Af2bIsURECi3iGIBc3uoSM4qfktL7CbbCn7GwtJbK0KzrA&oe=69E267DA,naomicaporuscio,https://www.instagram.com/naomicaporuscio,Atalanta-Roma 1-4 stagione 2021/22 @raffaellaacristofaro  #accettoregolamento #accettoprivacypolicy #sentilapassionedalvivo,0,0,2026-04-11T16:53:36.000Z,17901459453417680,2338982089,2026-04-13T05:52:59.285Z,https://www.instagram.com/p/DW56HTSiEOB/
https://scontent-ams2-1.cdninstagram.com/v/t51.82787-19/660465878_18568847980045292_4389047130474726449_n.jpg?stp=dst-jpg_s150x150_tt6&_nc_cat=102&ccb=7-5&_nc_sid=f7ccc5&efg=eyJ2ZW5jb2RlX3RhZyI6InByb2ZpbGVfcGljLnd3dy4xMDgwLkMzIn0%3D&_nc_ohc=mj4a5KDYV18Q7kNvwGhrCWk&_nc_oc=Adq6wsZpRh8drNdPzRcq3IbqRngHajdLkQQftWaXKIvDUsLLl6XG-tkhxPBrWMur6ao&_nc_zt=24&_nc_ht=scontent-ams2-1.cdninstagram.com&_nc_gid=csWK3SH7mB3_d7hah--7QQ&_nc_ss=7a2a8&oh=00_Af1OB3j_F2bduJZ99tvvlhCILhEHLa6UuCAUuYmG92pcnw&oe=69E26FD9,eleonoramesiti,https://www.instagram.com/eleonoramesiti,"Atalanta Roma 1-4. Stagione 2021/2022 @alessio_asr90 #accettoregolamento 
#accettoprivacypolicy 
#sentilapassionedalvivo",0,0,2026-04-11T10:45:35.000Z,17977700996843634,376877291,2026-04-13T05:52:59.285Z,https://www.instagram.com/p/DW56HTSiEOB/
https://scontent-ams2-1.cdninstagram.com/v/t51.2885-19/336832251_914583103100694_8844692414066944205_n.jpg?stp=dst-jpg_s150x150_tt6&_nc_cat=106&ccb=7-5&_nc_sid=f7ccc5&efg=eyJ2ZW5jb2RlX3RhZyI6InByb2ZpbGVfcGljLnd3dy45MDAuQzMifQ%3D%3D&_nc_ohc=WlT9Fs1bJg8Q7kNvwGrDezs&_nc_oc=AdqkpauRgYXz_MwVM4tC0VQDUfVT2vtErXuZrOJuq4vbnkpqk0qG-CMbOJLHaIiA5ag&_nc_zt=24&_nc_ht=scontent-ams2-1.cdninstagram.com&_nc_ss=7a2a8&oh=00_Af39b1ceXxIssdpFXqltmrGSCZ3AFd9bb5ZqYEPVIlzgAA&oe=69E26749,emilianomastro,https://www.instagram.com/emilianomastro,Roma-Atalanta 3-1 stagione 2013/2014 @ziomanuelloco #sentilapassionedalvivo #accettoprivacypolicy #accettoregolamento,0,0,2026-04-09T17:06:20.000Z,18076850069173562,1290755084,2026-04-13T05:52:59.285Z,https://www.instagram.com/p/DW56HTSiEOB/
https://scontent-ams2-1.cdninstagram.com/v/t51.82787-19/656832750_18566190406046763_2000625659740800908_n.jpg?stp=dst-jpg_s150x150_tt6&_nc_cat=107&ccb=7-5&_nc_sid=f7ccc5&efg=eyJ2ZW5jb2RlX3RhZyI6InByb2ZpbGVfcGljLnd3dy4xMDgwLkMzIn0%3D&_nc_ohc=sHmtZLKND1IQ7kNvwHePgo1&_nc_oc=Adr4_Mx3U0eCjsjEIUMonAR2Ga6rfcFb8Y_E7ME2ndIo5UDMIc5UtxMK_qeei_BgJEQ&_nc_zt=24&_nc_ht=scontent-ams2-1.cdninstagram.com&_nc_gid=csWK3SH7mB3_d7hah--7QQ&_nc_ss=7a2a8&oh=00_Af2bbR2aY58_PafB8PJKNciZtzuSJLIpPAiQr1CVNlv8Aw&oe=69E26449,emanuele.gnn,https://www.instagram.com/emanuele.gnn,Stagione 2021-22 Roma 1 Atalanta 0 @eleonoramesiti  #accettoregolamento #accettoprivacypolicy #sentilapassionedalvivo,0,0,2026-04-11T23:31:08.000Z,18001225241741028,297966762,2026-04-13T05:52:59.285Z,https://www.instagram.com/p/DW56HTSiEOB/
https://scontent-ams2-1.cdninstagram.com/v/t51.82787-19/629068272_18562891687026243_5960567685266819787_n.jpg?stp=dst-jpg_s150x150_tt6&_nc_cat=106&ccb=7-5&_nc_sid=f7ccc5&efg=eyJ2ZW5jb2RlX3RhZyI6InByb2ZpbGVfcGljLnd3dy4xMDgwLkMzIn0%3D&_nc_ohc=AZqyNacgAvIQ7kNvwEm3ssj&_nc_oc=AdoVefEpHPopzBXHyknRHGKDRWdSEVdtbBe2TVvtX8PeGIoDCSjv3aY5XXhZ18_upRA&_nc_zt=24&_nc_ht=scontent-ams2-1.cdninstagram.com&_nc_gid=csWK3SH7mB3_d7hah--7QQ&_nc_ss=7a2a8&oh=00_Af2bgtEp-EHhQCiMt-HLLPAfJt44TgfDESt4P10UeCXkGg&oe=69E25793,vincyrea,https://www.instagram.com/vincyrea,Stagione 2000-2001: Roma-Atalanta 1-0 gol di Montella @nanniuss81 #accettoregolamento #accettoprivacypolicy #sentipassionedalvivo,0,0,2026-04-09T09:36:32.000Z,17855599269689385,30682242,2026-04-13T05:52:59.285Z,https://www.instagram.com/p/DW56HTSiEOB/
https://scontent-ams2-1.cdninstagram.com/v/t51.82787-19/602877688_17870859237475636_3442729867360806643_n.jpg?stp=dst-jpg_s150x150_tt6&_nc_cat=111&ccb=7-5&_nc_sid=f7ccc5&efg=eyJ2ZW5jb2RlX3RhZyI6InByb2ZpbGVfcGljLnd3dy4xMDgwLkMzIn0%3D&_nc_ohc=t7CYvkR4hxEQ7kNvwG8Ro7v&_nc_oc=AdqSZZ6zOE8LnVZoNt18OU6lunOUrkx2sEScz48YVETAzU8RoJ_Uinfgsx7R2bBEcF4&_nc_zt=24&_nc_ht=scontent-ams2-1.cdninstagram.com&_nc_gid=csWK3SH7mB3_d7hah--7QQ&_nc_ss=7a2a8&oh=00_Af0MNq3U-emyfN7gcmEuft5aAwM_S6Bi37Iv6STG5kDnuQ&oe=69E25D27,damiano_risoldi,https://www.instagram.com/damiano_risoldi,"Atalanta- Roma 1-4 , stagione 2021/2022 @alessio.lauretti.58 #accettoregolamento #accettoprivacypolicy #sentilapassionedalvivo",0,0,2026-04-11T15:23:07.000Z,17939182518196436,74371299635,2026-04-13T05:52:59.285Z,https://www.instagram.com/p/DW56HTSiEOB/
https://scontent-ams2-1.cdninstagram.com/v/t51.2885-19/420963186_1438973757000036_1259591297303149447_n.jpg?stp=dst-jpg_s150x150_tt6&_nc_cat=110&ccb=7-5&_nc_sid=f7ccc5&_nc_aid=0&efg=eyJ2ZW5jb2RlX3RhZyI6InByb2ZpbGVfcGljLnd3dy4xMDgwLkMzIn0%3D&_nc_ohc=30N1UD5KKKoQ7kNvwGKYbF-&_nc_oc=AdrcXOp1Fh5zuWr7eBJM08JVAcp6rC-9tSt7-rW86abj9YSTN0JIYFSAM3BushbtHTU&_nc_zt=24&_nc_ht=scontent-ams2-1.cdninstagram.com&_nc_ss=7a2a8&oh=00_Af29D3HxswbTHq51zAN-Tji8h8cVyf_KbTwOa91xRkFpAw&oe=69E2428A,ilascalzo,https://www.instagram.com/ilascalzo,Roma - Atalanta 1-0 Stagione 2016/2017 #accettoregolamento #accettoprivacypolicy #sentilapassionedalvivo @fracad87,0,0,2026-04-12T18:15:12.000Z,18099263548817690,262964312,2026-04-13T05:52:59.285Z,https://www.instagram.com/p/DW56HTSiEOB/
https://scontent-ams2-1.cdninstagram.com/v/t51.2885-19/378484068_3112643579042521_8265424271481119721_n.jpg?stp=dst-jpg_s150x150_tt6&_nc_cat=107&ccb=7-5&_nc_sid=f7ccc5&efg=eyJ2ZW5jb2RlX3RhZyI6InByb2ZpbGVfcGljLnd3dy4xMDgwLkMzIn0%3D&_nc_ohc=g3BIVsuqrq4Q7kNvwHOb2kg&_nc_oc=AdobiVyVsCMxCOSP6sErk5Ey6LtU9eZy7k1jM1LpmJid9jNDBP0zc3_rVOcX5jn_Rhs&_nc_zt=24&_nc_ht=scontent-ams2-1.cdninstagram.com&_nc_ss=7a2a8&oh=00_Af1MFMMO3Ibh76hHER5BjBnIcwv5DsvimgCOkRjCxolKAA&oe=69E26660,ihatetiziano,https://www.instagram.com/ihatetiziano,Roma-Atalanta 2021/22 1-0 @emilymarcuccii #sentilapassionedalvivo #accettoprivacypolicy #accettoregolamento,0,0,2026-04-10T14:30:58.000Z,18078572516144271,546551802,2026-04-13T05:52:59.285Z,https://www.instagram.com/p/DW56HTSiEOB/
https://scontent-ams2-1.cdninstagram.com/v/t51.82787-19/625911726_18564160000043316_4261140915061886481_n.jpg?stp=dst-jpg_s150x150_tt6&_nc_cat=106&ccb=7-5&_nc_sid=f7ccc5&efg=eyJ2ZW5jb2RlX3RhZyI6InByb2ZpbGVfcGljLnd3dy4xMDgwLkMzIn0%3D&_nc_ohc=jFSeklZjzBYQ7kNvwEH52Ce&_nc_oc=AdpvPeeVMLz2PBnW_fuksjbEOdMuKD4u3mc0lI9VR6geU7m6i9_bMa1wn6Qk5sa03-0&_nc_zt=24&_nc_ht=scontent-ams2-1.cdninstagram.com&_nc_gid=csWK3SH7mB3_d7hah--7QQ&_nc_ss=7a2a8&oh=00_Af2eHwQq7aRNloV_q9Wq4qezuA858TzJFUfR1GeHhbANRg&oe=69E271E2,ziomanuelloco,https://www.instagram.com/ziomanuelloco,Roma - atalanta 3 a 3 stagione 2018/2019 @alessandrogiuliani.__  #sentilapassionedalvivo #accettoprivacypolicy #accettoregolamento,0,0,2026-04-09T17:09:49.000Z,18151321399415706,551019315,2026-04-13T05:52:59.285Z,https://www.instagram.com/p/DW56HTSiEOB/
https://scontent-ams2-1.cdninstagram.com/v/t51.2885-19/16230958_212667202471909_4955150889481404416_a.jpg?stp=dst-jpg_s150x150_tt6&_nc_cat=105&ccb=7-5&_nc_sid=f7ccc5&efg=eyJ2ZW5jb2RlX3RhZyI6InByb2ZpbGVfcGljLnd3dy40MDAuQzMifQ%3D%3D&_nc_ohc=5SBVHr8gqlwQ7kNvwH5lHN4&_nc_oc=Adr3MaADk6zGlbqT6jyBLgmY7FZDCYVtogoPgzt70uVmWRqLBT1pRLLoftAUVanHShQ&_nc_zt=24&_nc_ht=scontent-ams2-1.cdninstagram.com&_nc_ss=7a2a8&oh=00_Af0O2IkTAalkMzhROuLiiNmUEOcU-JPKE9H6-SrS3jABog&oe=69E269F3,fabrizio_rostelli,https://www.instagram.com/fabrizio_rostelli,Senza dubbio Roma - Atalanta 1-0 (gol di Montella) stagione 2000-2001. @ariannarostelli #accettoregolamento #accettoprivacypolicy #sentilapassionedalvivo,0,0,2026-04-11T12:02:15.000Z,18063098063693624,3895222444,2026-04-13T05:53:03.826Z,https://www.instagram.com/p/DW56HTSiEOB/
https://scontent-ams2-1.cdninstagram.com/v/t51.2885-19/472185030_587427004046319_947972020328048982_n.jpg?stp=dst-jpg_s150x150_tt6&_nc_cat=102&ccb=7-5&_nc_sid=f7ccc5&efg=eyJ2ZW5jb2RlX3RhZyI6InByb2ZpbGVfcGljLnd3dy4xMDgwLkMzIn0%3D&_nc_ohc=XkWVEBTWd94Q7kNvwFxSmSA&_nc_oc=Adp7pXWZ8C0lmLz_Z9S8Sm-ybjRDz3UkhPslWimWupFIDqi7rmeOTwq0U7sZEmBMfa8&_nc_zt=24&_nc_ht=scontent-ams2-1.cdninstagram.com&_nc_ss=7a2a8&oh=00_Af3f2BPR4MBzHF-C0DZ2AKDaxPfbVKcCnY1sdmmin-FctA&oe=69E23CE5,spagnolieros,https://www.instagram.com/spagnolieros,"atalanta 1-roma 4 stagione 21/22, @fronzies_ #sentilapassionedalvivo #accettoprivacypolicy #accettoregolamento",0,0,2026-04-09T09:04:34.000Z,18389738692159971,185529098,2026-04-13T05:53:03.826Z,https://www.instagram.com/p/DW56HTSiEOB/
https://scontent-ams2-1.cdninstagram.com/v/t51.2885-19/12237457_198159777188805_706775860_a.jpg?stp=dst-jpg_s150x150_tt6&_nc_cat=105&ccb=7-5&_nc_sid=f7ccc5&efg=eyJ2ZW5jb2RlX3RhZyI6InByb2ZpbGVfcGljLnd3dy42NDAuQzMifQ%3D%3D&_nc_ohc=X9KoBdOQw1QQ7kNvwGpTWVc&_nc_oc=Adr8H3KofJVGYrMMvRCPLWTKbVQLs2Lyjt24WYLPBoQ80CKR5WhPmSgD3agqt5gqWJM&_nc_zt=24&_nc_ht=scontent-ams2-1.cdninstagram.com&_nc_ss=7a2a8&oh=00_Af0Me_WxS2kH8f75L5udbdThHj-YlGPncZ2kqOI20JGySw&oe=69E2545F,ragnarok.87,https://www.instagram.com/ragnarok.87,Stagione 2016/2017 Roma - Atalanta 2 - 0 #accettoregolamento #accettoprivacypolicy #sentilapassionedalvivo  @notoriuspiv,0,0,2026-04-12T18:35:53.000Z,17926541802090939,285180290,2026-04-13T05:53:03.826Z,https://www.instagram.com/p/DW56HTSiEOB/
https://scontent-ams2-1.cdninstagram.com/v/t51.2885-19/433469234_3341779212784176_8101634457574952829_n.jpg?stp=dst-jpg_s150x150_tt6&_nc_cat=110&ccb=7-5&_nc_sid=f7ccc5&efg=eyJ2ZW5jb2RlX3RhZyI6InByb2ZpbGVfcGljLnd3dy4xMDU5LkMzIn0%3D&_nc_ohc=0y8L2sluaMUQ7kNvwGyE3fN&_nc_oc=AdoiYWCA1yiP_6E2-Y9MMidcBZLsJEtcsmCvr3z_6LxI6h1_9SLzm5stw1UE0oDBX8E&_nc_zt=24&_nc_ht=scontent-ams2-1.cdninstagram.com&_nc_ss=7a2a8&oh=00_Af3L1LB1C-qsS2lLgfi0uQy1vo00S4jaMZiz-zsTDe7lfQ&oe=69E24F91,kekkone26,https://www.instagram.com/kekkone26,Roma 2 Atalanta 1 Vucinic Cassetti Tiribocchi del 11 04 2010 ci giocavamo lo scudetto con l'Inter @daianapiscopo89 #sentilapassionedalvivo #accettoprivacypolicy #accettoregolamento,0,0,2026-04-09T12:09:59.000Z,18096719777050326,4641456827,2026-04-13T05:53:03.826Z,https://www.instagram.com/p/DW56HTSiEOB/
https://scontent-ams2-1.cdninstagram.com/v/t51.2885-19/286633496_135857412246514_1878736072350907168_n.jpg?stp=dst-jpg_s150x150_tt6&_nc_cat=111&ccb=7-5&_nc_sid=f7ccc5&efg=eyJ2ZW5jb2RlX3RhZyI6InByb2ZpbGVfcGljLnd3dy4xMDgwLkMzIn0%3D&_nc_ohc=nKj4sz3AnHYQ7kNvwFWs0-v&_nc_oc=AdpUpluu_FZ69UwZac-vEl_p_2xpc0k3GX9pr9nsGSfZzpvMm586aoHIh-9mvNu4mw8&_nc_zt=24&_nc_ht=scontent-ams2-1.cdninstagram.com&_nc_ss=7a2a8&oh=00_Af1_77Ry1NWwkFD2y3sTia9G-rHVWsF-6KwaKm9ndZgHjg&oe=69E25183,giallo1993,https://www.instagram.com/giallo1993,Stagione 2009-2010: Roma-Atalanta 2-1 @noemikyo #accettoregolamento #accettoprivacypolicy #sentilapassionedalvivo,0,0,2026-04-09T08:56:31.000Z,17997346520922685,233655353,2026-04-13T05:53:03.826Z,https://www.instagram.com/p/DW56HTSiEOB/
https://scontent-ams2-1.cdninstagram.com/v/t51.82787-19/586719613_17856374568576307_5314967615212833859_n.jpg?stp=dst-jpg_s150x150_tt6&_nc_cat=106&ccb=7-5&_nc_sid=f7ccc5&efg=eyJ2ZW5jb2RlX3RhZyI6InByb2ZpbGVfcGljLnd3dy4xMDgwLkMzIn0%3D&_nc_ohc=QPf8dNMvN24Q7kNvwENaHRX&_nc_oc=Adorbfx5OpUlt1GcT-2GyrMQM5u-OiGpuGvLbPATomI-6Ht8hOITt1pjaSc0QF0MCVY&_nc_zt=24&_nc_ht=scontent-ams2-1.cdninstagram.com&_nc_gid=2WqiuRkVfm1jDsJwNF-JMw&_nc_ss=7a2a8&oh=00_Af0MZZthR__GoBa0TPlVfSygjhO8-d6dzbj4lPnYwySk7g&oe=69E24EE3,bryanmancini__,https://www.instagram.com/bryanmancini__,"Roma Atalanta 3 a 1 2014 gervinho Taddei ljajic @mancinigerry75 
#accettoregolamento 
#accettoprivacypolicy 
#sentilapassionedalvivo",0,0,2026-04-11T13:58:57.000Z,18096299368845969,77331288306,2026-04-13T05:53:03.826Z,https://www.instagram.com/p/DW56HTSiEOB/
https://scontent-ams2-1.cdninstagram.com/v/t51.82787-19/640453202_18026992445797136_4695716659557297145_n.jpg?stp=dst-jpg_s150x150_tt6&_nc_cat=104&ccb=7-5&_nc_sid=f7ccc5&efg=eyJ2ZW5jb2RlX3RhZyI6InByb2ZpbGVfcGljLnd3dy4xMDgwLkMzIn0%3D&_nc_ohc=Z9gT8QLS5w8Q7kNvwGZC_vy&_nc_oc=Adqi99DJk2IF_EbfL1feLNm5WkbL6f6PkUzOHjh9Z7sduLODGh1PfyzOq5pb1rNJ-5Y&_nc_zt=24&_nc_ht=scontent-ams2-1.cdninstagram.com&_nc_gid=2WqiuRkVfm1jDsJwNF-JMw&_nc_ss=7a2a8&oh=00_Af1UbPIinc7txrSDjZjoi_wkThEDvONSP6U6_w6PsQuAqg&oe=69E26924,alexbalzamonti,https://www.instagram.com/alexbalzamonti,Atalanta-Roma 0-2 Stagione 2000/2001 Del vecchio Tommasi @scandellaric #sentilapassionedalvivo #accettoprivacypolicy #accettoregolamento,0,0,2026-04-12T16:53:36.000Z,18052907588527667,53889557135,2026-04-13T05:53:03.826Z,https://www.instagram.com/p/DW56HTSiEOB/
https://scontent-ams2-1.cdninstagram.com/v/t51.82787-19/531442138_17979103184880637_7794727943149084615_n.jpg?stp=dst-jpg_s150x150_tt6&_nc_cat=107&ccb=7-5&_nc_sid=f7ccc5&efg=eyJ2ZW5jb2RlX3RhZyI6InByb2ZpbGVfcGljLnd3dy4xMDI0LkMzIn0%3D&_nc_ohc=i3G-2nwZ0cwQ7kNvwFAtSl8&_nc_oc=AdoL6LUbliY_hBmmaQ6NwCrYZJ_uhcNx6H4zNNblL9JiVD8Nstwyhw1Uyh6S3KeqVlY&_nc_zt=24&_nc_ht=scontent-ams2-1.cdninstagram.com&_nc_gid=2WqiuRkVfm1jDsJwNF-JMw&_nc_ss=7a2a8&oh=00_Af2H3ZpoU5-fDgCo__wQEXgmWgXh31xROhFHC41G9zdXdw&oe=69E24817,magicomauro_73,https://www.instagram.com/magicomauro_73,Stagione 2000-2001: Roma-Atalanta 1-0 gol di Montella @x.099y2w #accettoregolamento #accettoprivacypolicy #sentipassionedalvivo,0,0,2026-04-09T09:00:49.000Z,18096996059012841,56582784636,2026-04-13T05:53:03.826Z,https://www.instagram.com/p/DW56HTSiEOB/
https://scontent-ams2-1.cdninstagram.com/v/t51.2885-19/261788888_4643347409019721_2489221288437424292_n.jpg?stp=dst-jpg_s150x150_tt6&_nc_cat=105&ccb=7-5&_nc_sid=f7ccc5&efg=eyJ2ZW5jb2RlX3RhZyI6InByb2ZpbGVfcGljLnd3dy43NTAuQzMifQ%3D%3D&_nc_ohc=4ppmawhOKrUQ7kNvwHQzmnQ&_nc_oc=AdoFxtQOv1GFW0X2CyEHZtzbcJ8UTWKEoUp0KNS0uuj5jnjdQ4hiHcxyPcHPFPLaBp4&_nc_zt=24&_nc_ht=scontent-ams2-1.cdninstagram.com&_nc_ss=7a2a8&oh=00_Af1kmmPzz8vgAZmKTFF8ShWy7_tFvFsdrtBsN_YHoCJLNg&oe=69E25A8C,miglimatteo,https://www.instagram.com/miglimatteo,Stagione 2012-2013: Roma Atalanta 2-0 Totti faceva ciò che voleva @delucaalessandro__ #accettoregolamento #accettoprivacypolicy #sentilapassionedalvivo,0,0,2026-04-11T10:52:04.000Z,17911917702367949,5049792991,2026-04-13T05:53:03.826Z,https://www.instagram.com/p/DW56HTSiEOB/
https://scontent-ams2-1.cdninstagram.com/v/t51.82787-19/613582116_17932207494161490_3592534602422359196_n.jpg?stp=dst-jpg_s150x150_tt6&_nc_cat=106&ccb=7-5&_nc_sid=f7ccc5&efg=eyJ2ZW5jb2RlX3RhZyI6InByb2ZpbGVfcGljLnd3dy4xMDgwLkMzIn0%3D&_nc_ohc=-TyhG7CNcVQQ7kNvwF4B1Ov&_nc_oc=Adp7Ilnhjj70F8-UQoAxCeXgNo7Z5q1V1bQ7NbeFm0fYm_AHTsz6kapNcTBPdPZ-5tE&_nc_zt=24&_nc_ht=scontent-ams2-1.cdninstagram.com&_nc_gid=2WqiuRkVfm1jDsJwNF-JMw&_nc_ss=7a2a8&oh=00_Af0l3zQLdJicyAgRsuYzxEYNYmmCQ1sn9450p0poJvlXnw&oe=69E2554D,dafne_._21,https://www.instagram.com/dafne_._21,"stagione 2021/2022 Atalanta-Roma 1-4 doppio gol abraham,gol zaniolo e smalling @_3giada3_ #sentilapassionedalvivo #accettoprivacypolicy #accettoregolamento",0,0,2026-04-09T09:05:56.000Z,17960189772070634,64929705489,2026-04-13T05:53:03.826Z,https://www.instagram.com/p/DW56HTSiEOB/
https://scontent-ams2-1.cdninstagram.com/v/t51.82787-19/584000624_18545163613032961_2082794012182243586_n.jpg?stp=dst-jpg_s150x150_tt6&_nc_cat=111&ccb=7-5&_nc_sid=f7ccc5&efg=eyJ2ZW5jb2RlX3RhZyI6InByb2ZpbGVfcGljLnd3dy4xMDgwLkMzIn0%3D&_nc_ohc=MbEe1OK3OQwQ7kNvwH281yl&_nc_oc=AdoC9F5b-JrNzx4JtnpvRx9BmJsF41la1BEkI2DaI9Jwkj20fLuaRZcsN7NRULFx8Cg&_nc_zt=24&_nc_ht=scontent-ams2-1.cdninstagram.com&_nc_gid=2WqiuRkVfm1jDsJwNF-JMw&_nc_ss=7a2a8&oh=00_Af3uRg6pP7Xt47BkK4_iLl0Ju0Xxv6WcTq8npz_DpLxpxg&oe=69E244E9,kekk7_,https://www.instagram.com/kekk7_,2009-2010 Roma Atalanta 2-1 Vucinic Cassetti Tiribocchi il giorno del sorpasso @genco8576 #accettoregolamento #accettoprivacypolicy #sentilapassionedalvivo,0,0,2026-04-09T09:54:23.000Z,18058797998705680,232288960,2026-04-13T05:53:03.826Z,https://www.instagram.com/p/DW56HTSiEOB/
https://scontent-ams2-1.cdninstagram.com/v/t51.82787-19/641855378_17853858885625454_8837591716086927042_n.jpg?stp=dst-jpg_s150x150_tt6&_nc_cat=107&ccb=7-5&_nc_sid=f7ccc5&efg=eyJ2ZW5jb2RlX3RhZyI6InByb2ZpbGVfcGljLnd3dy4xMDgwLkMzIn0%3D&_nc_ohc=uiVTWcx8_8UQ7kNvwH6750Y&_nc_oc=AdqQnvgpnL9pZCBctB5aOUOO2C5rZHOuzD-zzARmJ9PB925DKLfG6yBaPek5zagnDpA&_nc_zt=24&_nc_ht=scontent-ams2-1.cdninstagram.com&_nc_gid=2WqiuRkVfm1jDsJwNF-JMw&_nc_ss=7a2a8&oh=00_Af0Ds6u6QulN1arMSOQ-w515gAVpl7L_h0uYWFVypJsiAQ&oe=69E25D06,dimashh2012,https://www.instagram.com/dimashh2012,Secondo me 1-4 del 18/12/2021,0,0,2026-04-12T18:50:18.000Z,17994429920948755,78914489453,2026-04-13T05:53:03.826Z,https://www.instagram.com/p/DW56HTSiEOB/
https://scontent-ams2-1.cdninstagram.com/v/t51.82787-19/533039910_18519583618036595_4731230426432585455_n.jpg?stp=dst-jpg_s150x150_tt6&_nc_cat=107&ccb=7-5&_nc_sid=f7ccc5&efg=eyJ2ZW5jb2RlX3RhZyI6InByb2ZpbGVfcGljLnd3dy4xMDgwLkMzIn0%3D&_nc_ohc=KlcVkCRF8L0Q7kNvwH4xfsg&_nc_oc=Ado6Q2PxMMypBqT3nxkPkmHpecPRs2E1O7q6kh_V6TrQms4YscvaQkx5K__946eH4lM&_nc_zt=24&_nc_ht=scontent-ams2-1.cdninstagram.com&_nc_gid=2WqiuRkVfm1jDsJwNF-JMw&_nc_ss=7a2a8&oh=00_Af3gS-gjoAWZQ8t3LsUKvGjhPhy08S_ukkSzsZYDTwypJQ&oe=69E24D43,robertadantonio_,https://www.instagram.com/robertadantonio_,"Roma Atalanta 1-0 (stagione 16/17). Partita decisa da un lampo di radja.
@giovanniparato 
#sentilapassionedalvivo
#accettoprivacypolicy
#accettoregolamento",0,0,2026-04-12T12:25:28.000Z,18096928847021968,208100594,2026-04-13T05:53:03.826Z,https://www.instagram.com/p/DW56HTSiEOB/